flight,channel,snr_db,noise_std
2021-02-03-13-43-38,ang_acc_x,14.618425793376616,0.2367027479500842
2021-02-03-13-43-38,ang_acc_y,20.339477173462278,0.11653245013197125
2021-02-03-13-43-38,ang_acc_z,10.683268915376152,0.1360288954593082
2021-02-03-13-43-38,ang_vel_x,38.095508183749786,0.003287661076277775
2021-02-03-13-43-38,ang_vel_y,45.61529486735415,0.0016615269273218259
2021-02-03-13-43-38,ang_vel_z,27.308722582135736,0.0018090979191349112
2021-02-03-13-43-38,qx,57.455696895486724,1.751744200691937e-05
2021-02-03-13-43-38,qy,66.5497950274936,1.6412932287233295e-05
2021-02-03-13-43-38,qz,79.58661440897271,9.434656851363221e-06
2021-02-03-13-43-38,qw,82.7928616191505,3.72938103971423e-06
2021-02-03-13-43-38,acc_x,56.482779737167014,0.00037567593019078715
2021-02-03-13-43-38,acc_y,52.62633211182567,0.0003294494393894909
2021-02-03-13-43-38,acc_z,56.56518721651651,4.48556997945424e-05
2021-02-03-13-43-38,vel_x,70.10288846546419,2.794367656148937e-05
2021-02-03-13-43-38,vel_y,65.01142232976397,2.861757544710709e-05
2021-02-03-13-43-38,vel_z,70.01710413072152,3.988073326683812e-05
2021-02-03-13-43-38,pos_x,92.24104356049607,8.672549708280552e-06
2021-02-03-13-43-38,pos_y,86.72269543136922,6.761249589716755e-06
2021-02-03-13-43-38,pos_z,80.19057324081709,4.220715398032415e-06
2021-02-03-13-43-38,mot_1,32.721275253636854,0.8532925799640984
2021-02-03-13-43-38,mot_2,34.64454432696613,0.9010538807345114
2021-02-03-13-43-38,mot_3,32.157111129558366,0.9947500385038356
2021-02-03-13-43-38,mot_4,36.58302650353414,0.7773163736891977
2021-02-03-13-43-38,dmot_1,12.115199268834733,144.40830374495042
2021-02-03-13-43-38,dmot_2,11.185621756981657,153.9957759852253
2021-02-03-13-43-38,dmot_3,10.807846235946206,171.01565344226756
2021-02-03-13-43-38,dmot_4,11.161914046799739,134.03238282768478
2021-02-03-13-43-38,vbat,45.325557760519565,6.203643254529539e-05
2021-02-03-13-44-49,ang_acc_x,19.559446725851494,0.2721172202771942
2021-02-03-13-44-49,ang_acc_y,25.239688401619226,0.14004893545122438
2021-02-03-13-44-49,ang_acc_z,16.071102011611906,0.14522784933150615
2021-02-03-13-44-49,ang_vel_x,45.17149121203015,0.0037305979200670325
2021-02-03-13-44-49,ang_vel_y,51.42688712715091,0.001958588193326289
2021-02-03-13-44-49,ang_vel_z,39.709844964248994,0.0019576055583662997
2021-02-03-13-44-49,qx,74.35678504869566,1.926443082103412e-05
2021-02-03-13-44-49,qy,66.34174040020058,1.5500797699879266e-05
2021-02-03-13-44-49,qz,80.25553595903502,9.550099677314883e-06
2021-02-03-13-44-49,qw,84.33824812968842,7.174252505270004e-06
2021-02-03-13-44-49,acc_x,60.19147224847512,0.0003854607089544194
2021-02-03-13-44-49,acc_y,56.326606526163594,0.0003887524959707121
2021-02-03-13-44-49,acc_z,73.67431334749588,5.485861208047584e-05
2021-02-03-13-44-49,vel_x,73.45559059901596,3.739795716898711e-05
2021-02-03-13-44-49,vel_y,65.16082719585154,4.0537058885393274e-05
2021-02-03-13-44-49,vel_z,74.92099982167203,5.53945610964847e-05
2021-02-03-13-44-49,pos_x,94.5280081351757,8.07484523613895e-06
2021-02-03-13-44-49,pos_y,91.0418946390733,8.905168753659164e-06
2021-02-03-13-44-49,pos_z,74.42764712358263,4.473453404932259e-06
2021-02-03-13-44-49,mot_1,40.16512524056202,0.9759943497940518
2021-02-03-13-44-49,mot_2,39.43943418176266,1.0661876479084222
2021-02-03-13-44-49,mot_3,39.337926414922464,1.1608212402239848
2021-02-03-13-44-49,mot_4,41.02878338027905,1.0222517164196798
2021-02-03-13-44-49,dmot_1,11.275389577474916,168.76538435107983
2021-02-03-13-44-49,dmot_2,11.352349155334583,183.5991883060972
2021-02-03-13-44-49,dmot_3,10.689334561982642,200.40595981240904
2021-02-03-13-44-49,dmot_4,9.80368733124159,177.21836040109977
2021-02-03-13-44-49,vbat,47.887402453267434,9.935921286060818e-05
2021-02-03-13-53-04,ang_acc_x,12.711465297444928,0.37484497729280714
2021-02-03-13-53-04,ang_acc_y,19.33002265634723,0.17693690162276374
2021-02-03-13-53-04,ang_acc_z,11.490809853360485,0.16636866622683819
2021-02-03-13-53-04,ang_vel_x,40.033725514303306,0.004992642294330046
2021-02-03-13-53-04,ang_vel_y,45.68576680013762,0.0025269821072481
2021-02-03-13-53-04,ang_vel_z,36.678668554216465,0.0022373678889914058
2021-02-03-13-53-04,qx,68.58075113199321,1.7739878590920314e-05
2021-02-03-13-53-04,qy,65.71463559773797,1.6183996774420206e-05
2021-02-03-13-53-04,qz,69.67118123649531,8.850435790008636e-06
2021-02-03-13-53-04,qw,86.45565782666593,6.885853515280156e-06
2021-02-03-13-53-04,acc_x,65.75981098038713,0.00045420320014577596
2021-02-03-13-53-04,acc_y,66.350232287605,0.00041870930897669505
2021-02-03-13-53-04,acc_z,79.93901519474568,6.401148705420318e-05
2021-02-03-13-53-04,vel_x,74.98729875367707,5.8648402088403736e-05
2021-02-03-13-53-04,vel_y,73.13423849210824,5.187672014114379e-05
2021-02-03-13-53-04,vel_z,68.51459554956865,0.00010278690287994431
2021-02-03-13-53-04,pos_x,85.10093394228909,1.0339966346968498e-05
2021-02-03-13-53-04,pos_y,85.38894680049538,1.1167125200274163e-05
2021-02-03-13-53-04,pos_z,86.3285543747296,4.162116553739015e-06
2021-02-03-13-53-04,mot_1,41.127399481233425,1.1849476090571598
2021-02-03-13-53-04,mot_2,40.04462049860589,1.2556023283564568
2021-02-03-13-53-04,mot_3,40.30937262854454,1.3143681007645536
2021-02-03-13-53-04,mot_4,40.656529273134836,1.250014355934802
2021-02-03-13-53-04,dmot_1,7.678422620345815,204.76648606709554
2021-02-03-13-53-04,dmot_2,6.97902617322204,215.50459719068792
2021-02-03-13-53-04,dmot_3,6.686126263168245,229.62592534357896
2021-02-03-13-53-04,dmot_4,6.296599766488918,215.50097988265597
2021-02-03-13-53-04,vbat,63.512699936300834,8.004741677696643e-05
2021-02-03-13-54-06,ang_acc_x,11.750303305956024,0.38026471144657226
2021-02-03-13-54-06,ang_acc_y,16.102702748853517,0.19593412102611857
2021-02-03-13-54-06,ang_acc_z,10.819797581799982,0.2079884603916074
2021-02-03-13-54-06,ang_vel_x,42.375540653557124,0.0050174295909358665
2021-02-03-13-54-06,ang_vel_y,43.145790325068425,0.002818771764598346
2021-02-03-13-54-06,ang_vel_z,37.79207386607173,0.0027745666483823114
2021-02-03-13-54-06,qx,74.49196632586607,1.9203285496980368e-05
2021-02-03-13-54-06,qy,69.57243991260272,1.748312278973302e-05
2021-02-03-13-54-06,qz,79.24585737246123,8.32469869053174e-06
2021-02-03-13-54-06,qw,75.5719579353174,1.198382620869294e-05
2021-02-03-13-54-06,acc_x,62.63363020187572,0.0005387043407597576
2021-02-03-13-54-06,acc_y,66.2869013453774,0.0004627183868831394
2021-02-03-13-54-06,acc_z,71.29393872098498,7.482685755876978e-05
2021-02-03-13-54-06,vel_x,79.33733993387901,7.012166571867702e-05
2021-02-03-13-54-06,vel_y,76.63221013579553,6.354354211646084e-05
2021-02-03-13-54-06,vel_z,64.2441606303858,0.00012636726143269803
2021-02-03-13-54-06,pos_x,81.67453987596348,1.2131811365014578e-05
2021-02-03-13-54-06,pos_y,91.02428876748918,1.4235509181796056e-05
2021-02-03-13-54-06,pos_z,77.71893151183617,4.677091294126257e-06
2021-02-03-13-54-06,mot_1,41.91411304163,1.284443902043153
2021-02-03-13-54-06,mot_2,42.03085149048775,1.4315729549603944
2021-02-03-13-54-06,mot_3,41.56796399893675,1.5249345735247288
2021-02-03-13-54-06,mot_4,42.29583439584918,1.2740751433490216
2021-02-03-13-54-06,dmot_1,5.468319668238838,220.79631566458497
2021-02-03-13-54-06,dmot_2,5.455318719166838,242.88331683123408
2021-02-03-13-54-06,dmot_3,5.5792324626254945,263.2893143823069
2021-02-03-13-54-06,dmot_4,4.926984509378525,221.8143058188085
2021-02-03-13-54-06,vbat,52.95810699244156,9.001511690440793e-05
2021-02-03-16-10-37,ang_acc_x,13.628713713943794,0.4100975039937695
2021-02-03-16-10-37,ang_acc_y,18.372071086260707,0.18986290453303975
2021-02-03-16-10-37,ang_acc_z,12.70761637058428,0.1956335763797107
2021-02-03-16-10-37,ang_vel_x,36.58111900809576,0.0054725702535735705
2021-02-03-16-10-37,ang_vel_y,40.86364484809571,0.0026332870035629175
2021-02-03-16-10-37,ang_vel_z,35.03393540735688,0.0025514602970643807
2021-02-03-16-10-37,qx,51.582310441597315,2.1851145201026432e-05
2021-02-03-16-10-37,qy,73.4901819208371,2.0843040507748618e-05
2021-02-03-16-10-37,qz,72.40272105502646,1.5603490257997084e-05
2021-02-03-16-10-37,qw,85.32330226360935,3.6673544833419557e-06
2021-02-03-16-10-37,acc_x,59.55663344862429,0.000539510984273812
2021-02-03-16-10-37,acc_y,59.82668320439181,0.00048560389344391003
2021-02-03-16-10-37,acc_z,77.68465353415878,7.717517341949448e-05
2021-02-03-16-10-37,vel_x,79.15972013872535,6.099261448699366e-05
2021-02-03-16-10-37,vel_y,74.27863314583065,6.315408072047976e-05
2021-02-03-16-10-37,vel_z,81.29959488486087,6.365838905746347e-05
2021-02-03-16-10-37,pos_x,88.31611062816678,1.0376584300964509e-05
2021-02-03-16-10-37,pos_y,76.57831749514975,1.2022184139274117e-05
2021-02-03-16-10-37,pos_z,73.53536391968815,5.603088329519101e-06
2021-02-03-16-10-37,mot_1,41.2037469709221,1.155239700324937
2021-02-03-16-10-37,mot_2,41.72298476237553,1.1759522924260404
2021-02-03-16-10-37,mot_3,40.297364204751425,1.23029345073438
2021-02-03-16-10-37,mot_4,42.68149376104448,1.081836383289857
2021-02-03-16-10-37,dmot_1,10.668596100518148,198.10393182049626
2021-02-03-16-10-37,dmot_2,10.20971321785881,202.97324088056777
2021-02-03-16-10-37,dmot_3,9.155582694984364,211.79960951446418
2021-02-03-16-10-37,dmot_4,11.587656055184661,187.9083342677873
2021-02-03-16-10-37,vbat,53.61214976630785,0.00015723130958518821
2021-02-03-16-12-22,ang_acc_x,14.485356081313501,0.4136082977122184
2021-02-03-16-12-22,ang_acc_y,18.012089976002592,0.2026830644180143
2021-02-03-16-12-22,ang_acc_z,12.461529931565034,0.1980958597323346
2021-02-03-16-12-22,ang_vel_x,38.37825571286167,0.005455773717487206
2021-02-03-16-12-22,ang_vel_y,37.568422065904755,0.002855309818115443
2021-02-03-16-12-22,ang_vel_z,33.86758072523009,0.0025993531829034008
2021-02-03-16-12-22,qx,57.972515460146205,2.1849411388845014e-05
2021-02-03-16-12-22,qy,71.04253256577613,1.9935419496295622e-05
2021-02-03-16-12-22,qz,69.78545661240815,1.6170271299674003e-05
2021-02-03-16-12-22,qw,84.92017868774532,5.309183145153117e-06
2021-02-03-16-12-22,acc_x,58.89051925814058,0.0005770174442028828
2021-02-03-16-12-22,acc_y,58.78812880173346,0.0005040172176477863
2021-02-03-16-12-22,acc_z,76.93785020099858,8.534682910980171e-05
2021-02-03-16-12-22,vel_x,71.60417462885484,7.589077944857738e-05
2021-02-03-16-12-22,vel_y,67.5014112503169,8.771452886471067e-05
2021-02-03-16-12-22,vel_z,82.10825996114352,8.72041680297464e-05
2021-02-03-16-12-22,pos_x,86.2789402418983,1.2322557496701591e-05
2021-02-03-16-12-22,pos_y,78.60661768975513,1.2874873459527512e-05
2021-02-03-16-12-22,pos_z,79.09622965455662,5.558159851242949e-06
2021-02-03-16-12-22,mot_1,41.457085270755485,1.3514839396407394
2021-02-03-16-12-22,mot_2,41.64474707167598,1.224776181599098
2021-02-03-16-12-22,mot_3,40.542149840985374,1.3736650780010726
2021-02-03-16-12-22,mot_4,41.699952008097625,1.1879452498957983
2021-02-03-16-12-22,dmot_1,10.400205964367856,234.36052099621705
2021-02-03-16-12-22,dmot_2,10.980303618960683,208.39831937833645
2021-02-03-16-12-22,dmot_3,10.129159173313042,240.07651923629567
2021-02-03-16-12-22,dmot_4,10.484974145936725,207.30645954428462
2021-02-03-16-12-22,vbat,58.78825661327768,0.00019319914888823176
2021-02-03-16-45-38,ang_acc_x,13.451186990318092,0.35645538382523634
2021-02-03-16-45-38,ang_acc_y,14.928431660074493,0.23130461437469005
2021-02-03-16-45-38,ang_acc_z,13.653487786475358,0.18408185447042516
2021-02-03-16-45-38,ang_vel_x,37.814064217772845,0.0045662508329416245
2021-02-03-16-45-38,ang_vel_y,33.801204468902306,0.0032239727535580756
2021-02-03-16-45-38,ang_vel_z,35.01198407785435,0.0024248351223294246
2021-02-03-16-45-38,qx,68.6434758475381,2.2737888314317052e-05
2021-02-03-16-45-38,qy,81.767615169559,2.2409978028093264e-05
2021-02-03-16-45-38,qz,64.78253809529575,1.8452832943373202e-05
2021-02-03-16-45-38,qw,82.72837505491516,5.827440885760471e-06
2021-02-03-16-45-38,acc_x,55.32298793562121,0.0007016225183298039
2021-02-03-16-45-38,acc_y,59.90836000876932,0.0005314539554452925
2021-02-03-16-45-38,acc_z,88.5840760790986,9.139289164935462e-05
2021-02-03-16-45-38,vel_x,74.91915752569453,8.880487251273762e-05
2021-02-03-16-45-38,vel_y,77.78451286264368,9.841640646197966e-05
2021-02-03-16-45-38,vel_z,83.1488226949995,0.00010003656714463413
2021-02-03-16-45-38,pos_x,97.1858944648706,1.3574547323669916e-05
2021-02-03-16-45-38,pos_y,86.56407489472696,1.3092017404582678e-05
2021-02-03-16-45-38,pos_z,88.7029934987541,5.8061928408421615e-06
2021-02-03-16-45-38,mot_1,40.76156302383875,1.3286016756117567
2021-02-03-16-45-38,mot_2,41.55921697829104,1.3840470650693144
2021-02-03-16-45-38,mot_3,41.35689109396655,1.4449144143296802
2021-02-03-16-45-38,mot_4,41.2150311492684,1.2762060831830662
2021-02-03-16-45-38,dmot_1,9.797475669866103,230.4861422752367
2021-02-03-16-45-38,dmot_2,10.576300682336282,240.07118820633812
2021-02-03-16-45-38,dmot_3,10.353600985260245,246.9922747959506
2021-02-03-16-45-38,dmot_4,10.166042776960367,224.08607848294758
2021-02-03-16-45-38,vbat,68.9422573858999,0.00019808000659944582
2021-02-03-16-47-27,ang_acc_x,16.946869773124522,0.18508398199853854
2021-02-03-16-47-27,ang_acc_y,18.453258704772963,0.12618989257453203
2021-02-03-16-47-27,ang_acc_z,11.539155115536321,0.13605490882822444
2021-02-03-16-47-27,ang_vel_x,39.25179757085886,0.0024166530827547535
2021-02-03-16-47-27,ang_vel_y,41.995113115414604,0.0016683957282157531
2021-02-03-16-47-27,ang_vel_z,22.070693011769716,0.0017886680323351562
2021-02-03-16-47-27,qx,58.15033902541407,1.4488043722690525e-05
2021-02-03-16-47-27,qy,61.70805025510343,2.0145351775021358e-05
2021-02-03-16-47-27,qz,75.97432357803685,1.368843720903703e-05
2021-02-03-16-47-27,qw,68.584994251315,1.7985452429968407e-06
2021-02-03-16-47-27,acc_x,51.05645791064897,0.0003982736567358195
2021-02-03-16-47-27,acc_y,51.72646049573535,0.0002861715675977159
2021-02-03-16-47-27,acc_z,62.777934795213504,4.3846083415307464e-05
2021-02-03-16-47-27,vel_x,63.51131728141791,2.192223053660614e-05
2021-02-03-16-47-27,vel_y,65.31655354075122,2.199442710614358e-05
2021-02-03-16-47-27,vel_z,69.30805651577485,3.206493727625748e-05
2021-02-03-16-47-27,pos_x,89.55162605069381,5.8918698589133895e-06
2021-02-03-16-47-27,pos_y,81.54247105789965,6.203609646198485e-06
2021-02-03-16-47-27,pos_z,84.19453755992265,4.524033715132214e-06
2021-02-03-16-47-27,mot_1,30.149936086284484,0.7897860092184774
2021-02-03-16-47-27,mot_2,32.47990531561355,0.7985846083689176
2021-02-03-16-47-27,mot_3,28.64007489646909,0.8497616244574326
2021-02-03-16-47-27,mot_4,32.22650341452222,0.7513315074699187
2021-02-03-16-47-27,dmot_1,9.010125382266791,137.49804209610792
2021-02-03-16-47-27,dmot_2,8.428556751334781,136.28045906678236
2021-02-03-16-47-27,dmot_3,9.0508497554782,147.5875141805425
2021-02-03-16-47-27,dmot_4,7.074468922183658,130.71080397983695
2021-02-03-16-47-27,vbat,56.62709044559827,5.5025601575064796e-05
2021-02-03-16-54-28,ang_acc_x,16.838895647284907,0.3596124897879238
2021-02-03-16-54-28,ang_acc_y,16.61914024574058,0.25800252503656207
2021-02-03-16-54-28,ang_acc_z,13.062881158445345,0.22610581832099613
2021-02-03-16-54-28,ang_vel_x,40.072053377186386,0.004755140578463464
2021-02-03-16-54-28,ang_vel_y,34.21506313888329,0.003574689800618452
2021-02-03-16-54-28,ang_vel_z,33.24154106856758,0.00290520148921819
2021-02-03-16-54-28,qx,51.512405908925835,2.3837763428282575e-05
2021-02-03-16-54-28,qy,77.79107137955093,2.2515502859695636e-05
2021-02-03-16-54-28,qz,55.573082361947556,1.6899229767389528e-05
2021-02-03-16-54-28,qw,73.46956100307908,5.673546125494155e-06
2021-02-03-16-54-28,acc_x,53.04679553894439,0.0006983169531437895
2021-02-03-16-54-28,acc_y,60.11200493953474,0.0005845878843309243
2021-02-03-16-54-28,acc_z,89.82420240341423,9.505062256307041e-05
2021-02-03-16-54-28,vel_x,72.54481373010313,0.00010017413427217275
2021-02-03-16-54-28,vel_y,67.6581233784002,9.118124567313943e-05
2021-02-03-16-54-28,vel_z,82.35964337818686,7.998662164803966e-05
2021-02-03-16-54-28,pos_x,89.78548409540595,1.2043745822316955e-05
2021-02-03-16-54-28,pos_y,77.84219401187616,1.2582593911004202e-05
2021-02-03-16-54-28,pos_z,79.72624970310095,5.940974033556489e-06
2021-02-03-16-54-28,mot_1,42.155037783377,1.4980758534019722
2021-02-03-16-54-28,mot_2,42.073742017848055,1.6511858808085054
2021-02-03-16-54-28,mot_3,41.4341942993967,1.669911969587312
2021-02-03-16-54-28,mot_4,43.21869159312331,1.2707418819294418
2021-02-03-16-54-28,dmot_1,11.4747083706467,258.41337709177066
2021-02-03-16-54-28,dmot_2,11.765026553376964,280.3359368246427
2021-02-03-16-54-28,dmot_3,11.40952986013749,282.38317980831414
2021-02-03-16-54-28,dmot_4,12.520863043304544,222.9291725601362
2021-02-03-16-54-28,vbat,63.35894770021929,0.00029452380173224243
2021-02-03-16-55-55,ang_acc_x,24.703857021824422,0.2693369396316833
2021-02-03-16-55-55,ang_acc_y,24.082270377250676,0.1910298432346284
2021-02-03-16-55-55,ang_acc_z,17.934863006855476,0.158970850429769
2021-02-03-16-55-55,ang_vel_x,47.91867945399743,0.0035500295256113653
2021-02-03-16-55-55,ang_vel_y,45.82802896409147,0.0025569618561699374
2021-02-03-16-55-55,ang_vel_z,41.2076531441,0.0020476847663896086
2021-02-03-16-55-55,qx,78.0013144290478,2.317209687655012e-05
2021-02-03-16-55-55,qy,64.30875173076707,2.0007284213801884e-05
2021-02-03-16-55-55,qz,71.83257356485234,1.289302824556546e-05
2021-02-03-16-55-55,qw,75.43971618556965,7.659087475158199e-06
2021-02-03-16-55-55,acc_x,53.61187978571632,0.0005102602125106346
2021-02-03-16-55-55,acc_y,54.812888979206974,0.0004587575153632043
2021-02-03-16-55-55,acc_z,81.14802067330389,7.016785776539435e-05
2021-02-03-16-55-55,vel_x,74.20055347246706,4.2924715226148466e-05
2021-02-03-16-55-55,vel_y,68.8701620240077,4.516493704599629e-05
2021-02-03-16-55-55,vel_z,78.10127579405263,5.78512498779686e-05
2021-02-03-16-55-55,pos_x,85.48622125116717,9.204551457114252e-06
2021-02-03-16-55-55,pos_y,96.21669235920882,8.166044741486721e-06
2021-02-03-16-55-55,pos_z,82.34369059249099,5.5276953022140416e-06
2021-02-03-16-55-55,mot_1,40.2406935534942,1.2712530450410933
2021-02-03-16-55-55,mot_2,40.101623157031284,1.2951602976138339
2021-02-03-16-55-55,mot_3,39.37998905879799,1.419684156949415
2021-02-03-16-55-55,mot_4,40.347801124640476,1.0651857763149393
2021-02-03-16-55-55,dmot_1,14.973231595204728,210.3715296781295
2021-02-03-16-55-55,dmot_2,15.146564189544314,218.5783682103019
2021-02-03-16-55-55,dmot_3,14.542820317307628,240.10890998685764
2021-02-03-16-55-55,dmot_4,15.13089023294903,185.68686207270525
2021-02-03-16-55-55,vbat,60.864377949204595,0.00015715025999892872
2021-02-03-16-58-13,ang_acc_x,13.545803007102162,0.2364405917426403
2021-02-03-16-58-13,ang_acc_y,17.357938293614186,0.16795143411709954
2021-02-03-16-58-13,ang_acc_z,11.770167437494862,0.14882672685625306
2021-02-03-16-58-13,ang_vel_x,38.6553893703819,0.003242722904505293
2021-02-03-16-58-13,ang_vel_y,44.07443564386763,0.002324519194014839
2021-02-03-16-58-13,ang_vel_z,35.73140307062806,0.0020235620071202736
2021-02-03-16-58-13,qx,72.22302551870885,1.8967585083514853e-05
2021-02-03-16-58-13,qy,76.55619931276985,1.747759240969216e-05
2021-02-03-16-58-13,qz,93.50578442571543,1.0057307214221133e-05
2021-02-03-16-58-13,qw,96.71974495194667,7.499531035097328e-06
2021-02-03-16-58-13,acc_x,61.85691190565855,0.0004631618463033076
2021-02-03-16-58-13,acc_y,66.05040698684185,0.0003678374571396805
2021-02-03-16-58-13,acc_z,73.56276779680569,6.410881274549282e-05
2021-02-03-16-58-13,vel_x,78.956564892665,5.9710382094471856e-05
2021-02-03-16-58-13,vel_y,83.6447518388749,5.19057549606194e-05
2021-02-03-16-58-13,vel_z,70.92789283333059,9.256805214169913e-05
2021-02-03-16-58-13,pos_x,104.5129596564758,9.951997263842881e-06
2021-02-03-16-58-13,pos_y,84.6135118414345,1.135746014317389e-05
2021-02-03-16-58-13,pos_z,98.29679855702828,5.959794817130248e-06
2021-02-03-16-58-13,mot_1,39.73006694402579,0.9400681417039827
2021-02-03-16-58-13,mot_2,39.72938572004003,0.9929780965104349
2021-02-03-16-58-13,mot_3,38.30754247688291,1.0756356482827434
2021-02-03-16-58-13,mot_4,38.77089820520413,0.8897944832781364
2021-02-03-16-58-13,dmot_1,8.359115272393083,161.26039970858102
2021-02-03-16-58-13,dmot_2,7.607196887743269,173.74103403654473
2021-02-03-16-58-13,dmot_3,7.164832611013057,187.3019241327979
2021-02-03-16-58-13,dmot_4,7.050113548931938,156.30203524995198
2021-02-03-16-58-13,vbat,58.16108172715115,6.213687375633867e-05
2021-02-03-17-04-15,ang_acc_x,18.941242537671037,0.2881330918257748
2021-02-03-17-04-15,ang_acc_y,18.24209830637749,0.1875357994281855
2021-02-03-17-04-15,ang_acc_z,11.731457750241015,0.16661390377193777
2021-02-03-17-04-15,ang_vel_x,41.72134362151655,0.003827346264922148
2021-02-03-17-04-15,ang_vel_y,44.17848072779283,0.002548618080594586
2021-02-03-17-04-15,ang_vel_z,37.23464223080707,0.002207475465888931
2021-02-03-17-04-15,qx,60.710706052705675,1.928338556268362e-05
2021-02-03-17-04-15,qy,68.99577291348953,1.944726476286197e-05
2021-02-03-17-04-15,qz,60.75265911961013,1.0516312337656353e-05
2021-02-03-17-04-15,qw,74.47287250067644,8.001778910576663e-06
2021-02-03-17-04-15,acc_x,62.20655534274405,0.0005398420298654272
2021-02-03-17-04-15,acc_y,64.71995997808322,0.0004156343172332071
2021-02-03-17-04-15,acc_z,54.74032777993531,7.961379989476373e-05
2021-02-03-17-04-15,vel_x,75.66924261501197,6.639995172514197e-05
2021-02-03-17-04-15,vel_y,68.3706519022949,4.926442728676871e-05
2021-02-03-17-04-15,vel_z,63.74937532745716,8.299987271926062e-05
2021-02-03-17-04-15,pos_x,81.20207961937346,9.496156173539426e-06
2021-02-03-17-04-15,pos_y,80.84149538893595,1.0587401278472263e-05
2021-02-03-17-04-15,pos_z,47.2915820576693,8.19411999693198e-06
2021-02-03-17-04-15,mot_1,40.889793890235055,1.1896244344076248
2021-02-03-17-04-15,mot_2,40.82816529213023,1.257031931296651
2021-02-03-17-04-15,mot_3,40.27353770556193,1.2459075077983854
2021-02-03-17-04-15,mot_4,41.72848587568567,1.0890833257609693
2021-02-03-17-04-15,dmot_1,8.267855535448547,204.35950836724913
2021-02-03-17-04-15,dmot_2,8.934860014103823,214.44741175740756
2021-02-03-17-04-15,dmot_3,8.713168039120363,212.84003630521025
2021-02-03-17-04-15,dmot_4,9.003318823844744,188.8479981819441
2021-02-03-17-04-15,vbat,51.249967846529074,0.00011413817627227444
2021-02-03-17-06-36,ang_acc_x,14.788556997285928,0.31145796654200525
2021-02-03-17-06-36,ang_acc_y,16.522499917880257,0.20553367135584227
2021-02-03-17-06-36,ang_acc_z,13.21568904765654,0.1777446796617926
2021-02-03-17-06-36,ang_vel_x,44.13936345596831,0.004096858868029091
2021-02-03-17-06-36,ang_vel_y,44.06940656546726,0.0028468085004847046
2021-02-03-17-06-36,ang_vel_z,40.59681754532566,0.002329286583074938
2021-02-03-17-06-36,qx,80.37891631581061,2.1686615533830004e-05
2021-02-03-17-06-36,qy,81.17847836270768,1.8304577324366366e-05
2021-02-03-17-06-36,qz,93.48302784230798,9.100813910976113e-06
2021-02-03-17-06-36,qw,88.65436485385096,1.3481498934083959e-05
2021-02-03-17-06-36,acc_x,61.507854441030354,0.0006729781099132529
2021-02-03-17-06-36,acc_y,66.93335416365046,0.0005403018859513989
2021-02-03-17-06-36,acc_z,91.334347960062,9.371265268702284e-05
2021-02-03-17-06-36,vel_x,83.85462607284607,8.307307762859638e-05
2021-02-03-17-06-36,vel_y,90.31916938698058,7.430268798892154e-05
2021-02-03-17-06-36,vel_z,68.7168485377282,0.0001667012826242991
2021-02-03-17-06-36,pos_x,103.59177598965442,1.0826602298718145e-05
2021-02-03-17-06-36,pos_y,104.72268041792756,1.2164342808599527e-05
2021-02-03-17-06-36,pos_z,101.71938037768997,7.639587066615006e-06
2021-02-03-17-06-36,mot_1,42.1741334322953,1.360205792817263
2021-02-03-17-06-36,mot_2,41.895018143759216,1.327178796756023
2021-02-03-17-06-36,mot_3,42.01334357193852,1.4933316969641037
2021-02-03-17-06-36,mot_4,41.32430602824613,1.342423473966088
2021-02-03-17-06-36,dmot_1,5.2957873913856615,237.02591508272027
2021-02-03-17-06-36,dmot_2,5.1275931966257975,229.3817586326957
2021-02-03-17-06-36,dmot_3,6.332764047520531,258.8533395771926
2021-02-03-17-06-36,dmot_4,4.784853569423586,235.0472144802738
2021-02-03-17-06-36,vbat,83.02561301219885,0.0001153760800750092
2021-02-03-17-14-47,ang_acc_x,12.065362018875982,0.3866046348303659
2021-02-03-17-14-47,ang_acc_y,15.225734819433525,0.2547217805299075
2021-02-03-17-14-47,ang_acc_z,10.695017464192473,0.2231385312549664
2021-02-03-17-14-47,ang_vel_x,43.8518951819072,0.005061740794618321
2021-02-03-17-14-47,ang_vel_y,42.74962076619654,0.0034877534832102567
2021-02-03-17-14-47,ang_vel_z,38.54988967540491,0.002905881447226371
2021-02-03-17-14-47,qx,71.83489009994325,2.262999283988319e-05
2021-02-03-17-14-47,qy,79.28284558301465,2.2851087175128165e-05
2021-02-03-17-14-47,qz,65.85478403612542,1.698335909605786e-05
2021-02-03-17-14-47,qw,82.49413849058749,8.387457235449125e-06
2021-02-03-17-14-47,acc_x,61.10557301312177,0.0008413770731824747
2021-02-03-17-14-47,acc_y,65.65127490641518,0.0007312841916690263
2021-02-03-17-14-47,acc_z,81.46618824483869,0.0001380007261382655
2021-02-03-17-14-47,vel_x,83.10806337540329,0.00012884238359114206
2021-02-03-17-14-47,vel_y,80.33779978582457,0.00010354198908053757
2021-02-03-17-14-47,vel_z,61.11880596496549,0.00023507606743440016
2021-02-03-17-14-47,pos_x,86.62048729349053,1.7423205157995358e-05
2021-02-03-17-14-47,pos_y,88.30254230848206,1.694194603668533e-05
2021-02-03-17-14-47,pos_z,79.29000037219397,1.1341152340307192e-05
2021-02-03-17-14-47,mot_1,42.53605365799659,1.7390020557546877
2021-02-03-17-14-47,mot_2,42.36869819161843,1.722801335218743
2021-02-03-17-14-47,mot_3,42.005209948047934,1.8138470076665314
2021-02-03-17-14-47,mot_4,42.24389369887339,1.5407077478427462
2021-02-03-17-14-47,dmot_1,4.694835868177833,295.91325513439546
2021-02-03-17-14-47,dmot_2,5.106382500897011,290.9092483677213
2021-02-03-17-14-47,dmot_3,5.29129493556296,310.19714691123613
2021-02-03-17-14-47,dmot_4,4.475772191445336,269.66374439170943
2021-02-03-17-14-47,vbat,77.28546704484587,0.0001266409578181964
2021-02-03-17-26-08,ang_acc_x,17.99189396025309,0.3905536131825167
2021-02-03-17-26-08,ang_acc_y,21.080108210507223,0.2428341251638143
2021-02-03-17-26-08,ang_acc_z,21.210973656801887,0.21453544305025196
2021-02-03-17-26-08,ang_vel_x,42.08584180606082,0.00500993702759706
2021-02-03-17-26-08,ang_vel_y,42.10183538680741,0.0032162543862149107
2021-02-03-17-26-08,ang_vel_z,45.39859153906865,0.0027737135822837947
2021-02-03-17-26-08,qx,79.30051148897812,2.0873997231580097e-05
2021-02-03-17-26-08,qy,74.08792200461016,2.412275802904592e-05
2021-02-03-17-26-08,qz,82.13746437172793,1.6340194527991093e-05
2021-02-03-17-26-08,qw,86.49573406137266,4.517584508956052e-06
2021-02-03-17-26-08,acc_x,57.835567166119816,0.0006765479974586252
2021-02-03-17-26-08,acc_y,60.343425506470716,0.000517126383543191
2021-02-03-17-26-08,acc_z,94.1102940202387,8.918200129788491e-05
2021-02-03-17-26-08,vel_x,73.04221406983483,8.473155508998435e-05
2021-02-03-17-26-08,vel_y,83.36474062490906,8.234447524216083e-05
2021-02-03-17-26-08,vel_z,77.96902060825136,0.0001452387261931153
2021-02-03-17-26-08,pos_x,80.8790276369085,9.317210848983292e-06
2021-02-03-17-26-08,pos_y,92.13575307487075,9.838989920842067e-06
2021-02-03-17-26-08,pos_z,91.55819837649591,5.277521040820954e-06
2021-02-03-17-26-08,mot_1,41.30111519575303,1.5812879864080995
2021-02-03-17-26-08,mot_2,41.110071221091886,1.5623048196220273
2021-02-03-17-26-08,mot_3,41.46465082550064,1.6557443554110782
2021-02-03-17-26-08,mot_4,41.17287338040676,1.3578997220348383
2021-02-03-17-26-08,dmot_1,11.65744769880339,271.57637019475317
2021-02-03-17-26-08,dmot_2,12.70484414356109,265.45342828848493
2021-02-03-17-26-08,dmot_3,12.297084556149404,283.3729109788754
2021-02-03-17-26-08,dmot_4,12.941283460807384,236.0351676426184
2021-02-03-17-26-08,vbat,66.73109192062216,0.0002228100342353514
2021-02-03-17-33-11,ang_acc_x,11.910268254327452,0.44388317597971666
2021-02-03-17-33-11,ang_acc_y,15.106089330237516,0.2646365648586687
2021-02-03-17-33-11,ang_acc_z,11.157922703975206,0.22691728438429803
2021-02-03-17-33-11,ang_vel_x,44.31321498624567,0.005783311142736436
2021-02-03-17-33-11,ang_vel_y,43.474423389604475,0.003638762740577666
2021-02-03-17-33-11,ang_vel_z,39.916773970927196,0.0029244140520030444
2021-02-03-17-33-11,qx,71.75416626497758,1.8099688591354883e-05
2021-02-03-17-33-11,qy,81.75709142001553,2.1958949173922012e-05
2021-02-03-17-33-11,qz,74.57498881984829,1.5462760540151604e-05
2021-02-03-17-33-11,qw,82.5605562039881,8.949686190548822e-06
2021-02-03-17-33-11,acc_x,62.16947658069821,0.0008068890322680177
2021-02-03-17-33-11,acc_y,67.31088649072052,0.0006562368666352674
2021-02-03-17-33-11,acc_z,78.81606102402404,0.00012175343242271097
2021-02-03-17-33-11,vel_x,80.98622164183072,0.00013407975555762564
2021-02-03-17-33-11,vel_y,88.45066294413421,0.00010118000662799608
2021-02-03-17-33-11,vel_z,65.27280683770381,0.0002613760702040544
2021-02-03-17-33-11,pos_x,91.8624796744394,1.7084749352797022e-05
2021-02-03-17-33-11,pos_y,83.08421581129183,1.6608069202593143e-05
2021-02-03-17-33-11,pos_z,83.8697917577148,5.229893130453211e-06
2021-02-03-17-33-11,mot_1,42.02169263133886,1.88400076529676
2021-02-03-17-33-11,mot_2,41.61216729539277,1.914946919120572
2021-02-03-17-33-11,mot_3,40.889595397441134,2.086625093340281
2021-02-03-17-33-11,mot_4,41.72065728277257,1.8615683678138935
2021-02-03-17-33-11,dmot_1,4.186319860839936,320.90591297403984
2021-02-03-17-33-11,dmot_2,4.86513031446421,324.3202900812897
2021-02-03-17-33-11,dmot_3,4.761104788704839,360.7898056022621
2021-02-03-17-33-11,dmot_4,4.329715499173774,323.05938031126607
2021-02-03-17-33-11,vbat,87.60443750243242,0.00015433161536696218
2021-02-03-17-37-27,ang_acc_x,12.677009852720587,0.399369558450465
2021-02-03-17-37-27,ang_acc_y,14.855476436694548,0.25427549520063736
2021-02-03-17-37-27,ang_acc_z,9.987759478934116,0.22371998849923028
2021-02-03-17-37-27,ang_vel_x,44.24216986168566,0.005199382925379454
2021-02-03-17-37-27,ang_vel_y,42.49657495237357,0.003476690064590584
2021-02-03-17-37-27,ang_vel_z,37.84318794823499,0.0029064898051874115
2021-02-03-17-37-27,qx,63.403200131056735,1.99016498153419e-05
2021-02-03-17-37-27,qy,77.78584147835778,2.550463045785536e-05
2021-02-03-17-37-27,qz,72.66346627001154,1.731482493861023e-05
2021-02-03-17-37-27,qw,92.20570654016127,7.074944643708036e-06
2021-02-03-17-37-27,acc_x,61.101779095944195,0.0008264039056488953
2021-02-03-17-37-27,acc_y,67.03787940655484,0.0006374645726808546
2021-02-03-17-37-27,acc_z,85.00029721290517,0.00010594163721683962
2021-02-03-17-37-27,vel_x,75.5904486653168,0.00010138741415818645
2021-02-03-17-37-27,vel_y,83.63062124801652,7.253378873668292e-05
2021-02-03-17-37-27,vel_z,65.10706800514842,0.00016952068446428195
2021-02-03-17-37-27,pos_x,89.29182405487262,1.2930124522393171e-05
2021-02-03-17-37-27,pos_y,80.03905121221447,1.1940551128336452e-05
2021-02-03-17-37-27,pos_z,76.70134588880133,5.546533197118553e-06
2021-02-03-17-37-27,mot_1,42.860356383224,1.6319636357187968
2021-02-03-17-37-27,mot_2,42.68234490332742,1.7526259084206657
2021-02-03-17-37-27,mot_3,41.95680536824965,1.8426893577370937
2021-02-03-17-37-27,mot_4,42.50002969400243,1.4503679516725105
2021-02-03-17-37-27,dmot_1,5.902813632650009,279.9772959457397
2021-02-03-17-37-27,dmot_2,5.912164635477098,297.18494323053125
2021-02-03-17-37-27,dmot_3,5.4871950180312625,312.2953617806057
2021-02-03-17-37-27,dmot_4,5.00419870362975,251.48022531144943
2021-02-03-17-37-27,vbat,64.36469537686659,0.0001504363448346453
2021-02-05-14-00-56,ang_acc_x,17.806453066613777,0.28043358192052154
2021-02-05-14-00-56,ang_acc_y,19.032111464025384,0.2291052185929528
2021-02-05-14-00-56,ang_acc_z,11.499959780110903,0.22233387489403675
2021-02-05-14-00-56,ang_vel_x,45.86331195866266,0.003802766902611498
2021-02-05-14-00-56,ang_vel_y,44.08239890790178,0.00316993741068564
2021-02-05-14-00-56,ang_vel_z,39.3996134534857,0.0030643386200961934
2021-02-05-14-00-56,qx,76.41884147832174,2.091045983205506e-05
2021-02-05-14-00-56,qy,80.76257711537791,2.275910722959372e-05
2021-02-05-14-00-56,qz,88.0440356580946,1.0141434926850888e-05
2021-02-05-14-00-56,qw,72.4299015092251,1.2715516149294469e-05
2021-02-05-14-00-56,acc_x,61.333919709290534,0.0006954451624830465
2021-02-05-14-00-56,acc_y,66.5480035621249,0.0006573660549687053
2021-02-05-14-00-56,acc_z,80.53020780403034,0.00012683206712041438
2021-02-05-14-00-56,vel_x,76.02198702111264,9.136720700463554e-05
2021-02-05-14-00-56,vel_y,84.93996269085105,8.788184530151324e-05
2021-02-05-14-00-56,vel_z,67.55997511516811,0.00014125863041546517
2021-02-05-14-00-56,pos_x,97.45792640002782,1.3144306770914049e-05
2021-02-05-14-00-56,pos_y,97.91336319744511,1.196273162481889e-05
2021-02-05-14-00-56,pos_z,88.60832033445737,4.879529011673522e-06
2021-02-05-14-00-56,mot_1,43.96318662412411,1.4872524153309687
2021-02-05-14-00-56,mot_2,41.507364513511796,1.7398741402310285
2021-02-05-14-00-56,mot_3,42.587191449821006,1.7182670531200168
2021-02-05-14-00-56,mot_4,40.58320229714043,1.8208665704711766
2021-02-05-14-00-56,dmot_1,5.289868796805496,247.27946336180764
2021-02-05-14-00-56,dmot_2,6.041246429541793,290.49055686337647
2021-02-05-14-00-56,dmot_3,6.892938893893003,292.54084290107744
2021-02-05-14-00-56,dmot_4,4.1836983828047565,318.27926938415334
2021-02-05-14-00-56,vbat,75.87848818177144,0.0001486090752923303
2021-02-05-14-01-47,ang_acc_x,17.725892997461465,0.22878870573747145
2021-02-05-14-01-47,ang_acc_y,17.810771638218068,0.1833906870116507
2021-02-05-14-01-47,ang_acc_z,14.623685808258926,0.2212270170305258
2021-02-05-14-01-47,ang_vel_x,47.37866605635749,0.003030292692723479
2021-02-05-14-01-47,ang_vel_y,44.64879537670661,0.0025016096326004908
2021-02-05-14-01-47,ang_vel_z,43.812876420312264,0.0028167386449921912
2021-02-05-14-01-47,qx,60.30478908587508,2.1007485987519153e-05
2021-02-05-14-01-47,qy,65.61718720257522,2.1487712431370164e-05
2021-02-05-14-01-47,qz,63.60724024695873,8.444419044686692e-06
2021-02-05-14-01-47,qw,77.0601111848804,1.1312907703081631e-05
2021-02-05-14-01-47,acc_x,60.89741181010943,0.0006193855957150902
2021-02-05-14-01-47,acc_y,65.69709210296271,0.0005290040453877024
2021-02-05-14-01-47,acc_z,83.26987548185559,8.720324435103954e-05
2021-02-05-14-01-47,vel_x,68.65582385677311,4.7254943514394664e-05
2021-02-05-14-01-47,vel_y,72.3574548770755,4.3151800801615904e-05
2021-02-05-14-01-47,vel_z,67.19371368675338,4.566190267480003e-05
2021-02-05-14-01-47,pos_x,78.51953357620206,8.429798092170815e-06
2021-02-05-14-01-47,pos_y,78.2130249054635,8.587721833372691e-06
2021-02-05-14-01-47,pos_z,76.32344095275865,4.6525456526059326e-06
2021-02-05-14-01-47,mot_1,44.24837175806761,1.3752889995545845
2021-02-05-14-01-47,mot_2,43.53067914932446,1.4641539335606455
2021-02-05-14-01-47,mot_3,42.86098221982257,1.5687116016156744
2021-02-05-14-01-47,mot_4,41.218311713486564,1.363004460862762
2021-02-05-14-01-47,dmot_1,5.646231217224567,231.97738010279247
2021-02-05-14-01-47,dmot_2,6.362708306671304,251.09821736424416
2021-02-05-14-01-47,dmot_3,5.559494713007478,267.7914049731909
2021-02-05-14-01-47,dmot_4,5.233916113236598,233.06145190288146
2021-02-05-14-01-47,vbat,54.55961989262853,0.00017232434428893838
2021-02-05-14-02-47,ang_acc_x,17.556159893862244,0.22563371972458068
2021-02-05-14-02-47,ang_acc_y,17.088305664347697,0.1961765327340763
2021-02-05-14-02-47,ang_acc_z,14.35656109586748,0.2053391408014094
2021-02-05-14-02-47,ang_vel_x,47.639403804847234,0.0028982795677199597
2021-02-05-14-02-47,ang_vel_y,44.38113143021437,0.0026023140933999307
2021-02-05-14-02-47,ang_vel_z,43.59231499709483,0.002667905289010885
2021-02-05-14-02-47,qx,61.70329437860844,2.053133459953416e-05
2021-02-05-14-02-47,qy,66.46561728377064,2.057316465408171e-05
2021-02-05-14-02-47,qz,63.512328037943114,7.918440424036175e-06
2021-02-05-14-02-47,qw,85.4538994942534,1.1805577071109796e-05
2021-02-05-14-02-47,acc_x,60.81820708830116,0.000562397209139475
2021-02-05-14-02-47,acc_y,66.86125720203255,0.0005052674617210285
2021-02-05-14-02-47,acc_z,79.01689438277909,8.498817017681865e-05
2021-02-05-14-02-47,vel_x,72.51390120791504,4.492059194475362e-05
2021-02-05-14-02-47,vel_y,78.34949858177185,4.080995155262359e-05
2021-02-05-14-02-47,vel_z,67.8979270679896,4.400307907738271e-05
2021-02-05-14-02-47,pos_x,90.43150883470744,8.295084263346552e-06
2021-02-05-14-02-47,pos_y,80.59474755964855,8.071744580903316e-06
2021-02-05-14-02-47,pos_z,79.75945376012278,4.675135872550478e-06
2021-02-05-14-02-47,mot_1,43.2554469162305,1.4745382530016846
2021-02-05-14-02-47,mot_2,42.39207269968257,1.468745928957153
2021-02-05-14-02-47,mot_3,41.942702580638105,1.6139712627625182
2021-02-05-14-02-47,mot_4,41.50746573832022,1.4220310100082842
2021-02-05-14-02-47,dmot_1,4.619312429727164,245.6757148682237
2021-02-05-14-02-47,dmot_2,5.293945783595485,251.1799063361102
2021-02-05-14-02-47,dmot_3,5.584105928173159,271.0947954317331
2021-02-05-14-02-47,dmot_4,5.565076771664351,243.75258654455868
2021-02-05-14-02-47,vbat,71.60347379176771,0.00014773025371551398
2021-02-05-14-03-41,ang_acc_x,17.042958657620453,0.23671620883140446
2021-02-05-14-03-41,ang_acc_y,17.470910350478682,0.18746669275452724
2021-02-05-14-03-41,ang_acc_z,13.904616522259472,0.21980458591243898
2021-02-05-14-03-41,ang_vel_x,46.73125132173411,0.003072079128822784
2021-02-05-14-03-41,ang_vel_y,44.85056286139606,0.002535962403425408
2021-02-05-14-03-41,ang_vel_z,43.42775009911615,0.0028181114885232486
2021-02-05-14-03-41,qx,60.66231787860473,2.2361952595181205e-05
2021-02-05-14-03-41,qy,60.01751847822479,2.1222504357024404e-05
2021-02-05-14-03-41,qz,76.24439287043309,7.857166420111139e-06
2021-02-05-14-03-41,qw,61.67349559385392,1.1903031151554602e-05
2021-02-05-14-03-41,acc_x,60.71489256429973,0.0006176779776082809
2021-02-05-14-03-41,acc_y,66.60595778285524,0.0005300736719289458
2021-02-05-14-03-41,acc_z,78.1574100255238,8.922258890169345e-05
2021-02-05-14-03-41,vel_x,68.9074950579211,4.979179177209461e-05
2021-02-05-14-03-41,vel_y,70.14707861313637,4.431078743480924e-05
2021-02-05-14-03-41,vel_z,65.87451477423375,4.701403277862309e-05
2021-02-05-14-03-41,pos_x,73.31408963856988,8.740300193011485e-06
2021-02-05-14-03-41,pos_y,77.00868112591382,8.995056858607664e-06
2021-02-05-14-03-41,pos_z,76.95330931679378,5.0938285252192234e-06
2021-02-05-14-03-41,mot_1,44.903591666841656,1.3279262297274732
2021-02-05-14-03-41,mot_2,42.66681398014643,1.4437759809277517
2021-02-05-14-03-41,mot_3,43.085345711099386,1.4507120912647917
2021-02-05-14-03-41,mot_4,41.26294553210695,1.3878557573810737
2021-02-05-14-03-41,dmot_1,5.623163160390799,219.46057570827878
2021-02-05-14-03-41,dmot_2,5.377332761019513,250.42422986765783
2021-02-05-14-03-41,dmot_3,5.687206037235608,248.60864099546893
2021-02-05-14-03-41,dmot_4,4.0737147825834334,241.1488486839394
2021-02-05-14-03-41,vbat,64.62861644406452,0.00013626047349824544
2021-02-05-14-04-32,ang_acc_x,17.510357014395073,0.23073500091114565
2021-02-05-14-04-32,ang_acc_y,16.462754381352834,0.19732515056894043
2021-02-05-14-04-32,ang_acc_z,14.328343988770767,0.21371720797866556
2021-02-05-14-04-32,ang_vel_x,47.43206456261916,0.0030718721889014334
2021-02-05-14-04-32,ang_vel_y,44.35935272061663,0.002661878234081222
2021-02-05-14-04-32,ang_vel_z,43.92963787044699,0.0028887936791070854
2021-02-05-14-04-32,qx,68.38460130976432,2.172405134797024e-05
2021-02-05-14-04-32,qy,64.41254618594817,2.028979362508766e-05
2021-02-05-14-04-32,qz,92.58317922836304,8.223892458011739e-06
2021-02-05-14-04-32,qw,89.54151634949376,1.277865396990733e-05
2021-02-05-14-04-32,acc_x,60.51250897367413,0.0006117901662324306
2021-02-05-14-04-32,acc_y,67.08124197278258,0.0005415292125474475
2021-02-05-14-04-32,acc_z,92.33164486974941,9.307699542186718e-05
2021-02-05-14-04-32,vel_x,73.59734094914889,4.955767577093879e-05
2021-02-05-14-04-32,vel_y,77.83556540496218,4.758782136114363e-05
2021-02-05-14-04-32,vel_z,68.51887713996531,5.205459767494792e-05
2021-02-05-14-04-32,pos_x,83.21990611232594,9.97543041949278e-06
2021-02-05-14-04-32,pos_y,80.9628047567274,9.552820702182174e-06
2021-02-05-14-04-32,pos_z,95.29447105104948,5.052923166372169e-06
2021-02-05-14-04-32,mot_1,44.06462572964729,1.414912614150258
2021-02-05-14-04-32,mot_2,42.41507289370654,1.3721181314250486
2021-02-05-14-04-32,mot_3,43.18851662693735,1.5312292125286895
2021-02-05-14-04-32,mot_4,40.909375625546915,1.475283061107149
2021-02-05-14-04-32,dmot_1,4.787050849400484,231.11811334703415
2021-02-05-14-04-32,dmot_2,5.605299213537075,235.80770483101043
2021-02-05-14-04-32,dmot_3,5.743254884618123,262.6321521035292
2021-02-05-14-04-32,dmot_4,3.8533261119226747,256.39844877837743
2021-02-05-14-04-32,vbat,66.46137886055378,0.00014057782604020018
2021-02-05-14-19-34,ang_acc_x,18.03305973282287,0.20476213786318123
2021-02-05-14-19-34,ang_acc_y,18.561316368117392,0.15433095729304053
2021-02-05-14-19-34,ang_acc_z,11.960491425957269,0.16942742563384494
2021-02-05-14-19-34,ang_vel_x,33.7518451114399,0.0026441467562478677
2021-02-05-14-19-34,ang_vel_y,37.03418698491695,0.0020340094515241152
2021-02-05-14-19-34,ang_vel_z,38.66674746669505,0.0022285517656437416
2021-02-05-14-19-34,qx,59.60535580165437,1.4882613485984546e-05
2021-02-05-14-19-34,qy,53.509799955061396,1.7580696056704863e-05
2021-02-05-14-19-34,qz,57.98600805475718,1.570957270012825e-05
2021-02-05-14-19-34,qw,89.83428335856868,5.300938609680728e-07
2021-02-05-14-19-34,acc_x,42.74835764045531,0.0003358522847029223
2021-02-05-14-19-34,acc_y,40.275423368416185,0.0002904676053096223
2021-02-05-14-19-34,acc_z,54.25426565413232,8.179635465152657e-05
2021-02-05-14-19-34,vel_x,45.34226982091836,2.615835708756661e-05
2021-02-05-14-19-34,vel_y,44.139425920765696,2.3776414429238486e-05
2021-02-05-14-19-34,vel_z,55.77347883334581,2.085250455602125e-05
2021-02-05-14-19-34,pos_x,66.58173812156477,3.6758295279179238e-06
2021-02-05-14-19-34,pos_y,63.26020287175911,4.147617821444793e-06
2021-02-05-14-19-34,pos_z,65.06296437323752,7.624968782155816e-06
2021-02-05-14-19-34,mot_1,36.59564872565173,0.9950855331472787
2021-02-05-14-19-34,mot_2,35.790639273626866,1.0280373549843353
2021-02-05-14-19-34,mot_3,35.74690354207433,1.031137466553487
2021-02-05-14-19-34,mot_4,37.50761387266681,0.8773748934726354
2021-02-05-14-19-34,dmot_1,11.838796313694637,162.96070819771666
2021-02-05-14-19-34,dmot_2,11.59787652962526,172.8323149683513
2021-02-05-14-19-34,dmot_3,11.842954146971836,171.50447125416588
2021-02-05-14-19-34,dmot_4,11.491812276993228,152.39480107025102
2021-02-05-14-19-34,vbat,45.42716077627665,7.715757394472575e-05
2021-02-05-14-24-35,ang_acc_x,14.846616857499459,0.212451257351456
2021-02-05-14-24-35,ang_acc_y,16.642449884269585,0.16032334504868476
2021-02-05-14-24-35,ang_acc_z,10.230992563179822,0.15477535827894226
2021-02-05-14-24-35,ang_vel_x,25.92196907033792,0.002723450134546768
2021-02-05-14-24-35,ang_vel_y,24.127960658658544,0.002121131460542048
2021-02-05-14-24-35,ang_vel_z,21.323895855289955,0.002040224455155174
2021-02-05-14-24-35,qx,50.8037161176659,1.597483133534896e-05
2021-02-05-14-24-35,qy,47.84115813762163,1.7658580531588573e-05
2021-02-05-14-24-35,qz,51.32750936351796,1.7614875602532575e-05
2021-02-05-14-24-35,qw,53.629342519954434,6.081273223543127e-07
2021-02-05-14-24-35,acc_x,42.51635323933116,0.0003254364358010162
2021-02-05-14-24-35,acc_y,44.25134756684947,0.0002957865025357449
2021-02-05-14-24-35,acc_z,57.2513928600892,0.0001106213571495271
2021-02-05-14-24-35,vel_x,45.19712988144736,4.0458550942003456e-05
2021-02-05-14-24-35,vel_y,55.73470040306994,3.5576133217410335e-05
2021-02-05-14-24-35,vel_z,82.21237325046529,2.559354901335491e-05
2021-02-05-14-24-35,pos_x,32.121133478610815,4.10191434798128e-06
2021-02-05-14-24-35,pos_y,37.26174497167812,4.9354555332758566e-06
2021-02-05-14-24-35,pos_z,61.7542718897311,9.921470997748648e-06
2021-02-05-14-24-35,mot_1,42.43494281746511,0.9334815545444906
2021-02-05-14-24-35,mot_2,42.54665701818135,1.014661139310078
2021-02-05-14-24-35,mot_3,42.00128053849529,1.0597847843301873
2021-02-05-14-24-35,mot_4,42.16080794568342,0.9443619683393742
2021-02-05-14-24-35,dmot_1,11.88951889062034,156.3118648880626
2021-02-05-14-24-35,dmot_2,10.758066671596369,172.82156090027354
2021-02-05-14-24-35,dmot_3,10.49342409736417,174.9008846339532
2021-02-05-14-24-35,dmot_4,11.059977231628771,165.43921167212298
2021-02-05-14-24-35,vbat,40.34475885338536,0.00010429416705408129
2021-02-05-15-04-42,ang_acc_x,16.266668900284444,0.2360136454716036
2021-02-05-15-04-42,ang_acc_y,18.316495151413637,0.17828020997180916
2021-02-05-15-04-42,ang_acc_z,12.274256018649833,0.1754843054178434
2021-02-05-15-04-42,ang_vel_x,41.52798832218879,0.0031207296328030383
2021-02-05-15-04-42,ang_vel_y,46.162217024543196,0.0023364913360849698
2021-02-05-15-04-42,ang_vel_z,35.90136196246833,0.0022677859881911028
2021-02-05-15-04-42,qx,74.67859756027453,2.2258900440500082e-05
2021-02-05-15-04-42,qy,65.00943929091457,2.117886910523072e-05
2021-02-05-15-04-42,qz,69.20779787450557,8.773088455985169e-06
2021-02-05-15-04-42,qw,87.74787647265298,9.080738618770578e-06
2021-02-05-15-04-42,acc_x,61.88633104506319,0.0005609744271657833
2021-02-05-15-04-42,acc_y,61.812998839182384,0.0005033555446575781
2021-02-05-15-04-42,acc_z,67.16316195691144,0.0001045057533196946
2021-02-05-15-04-42,vel_x,80.06768925414762,7.809748708649895e-05
2021-02-05-15-04-42,vel_y,67.58861788582253,8.213214450803787e-05
2021-02-05-15-04-42,vel_z,61.17748798697552,0.00010185089632800212
2021-02-05-15-04-42,pos_x,92.72335059959424,1.5019910215942421e-05
2021-02-05-15-04-42,pos_y,85.89180683755743,1.0331351528362552e-05
2021-02-05-15-04-42,pos_z,67.97061877795171,8.71543933354042e-06
2021-02-05-15-04-42,mot_1,41.120619143156915,1.202761721237106
2021-02-05-15-04-42,mot_2,40.581117316793716,1.1994495289197227
2021-02-05-15-04-42,mot_3,40.23863333659045,1.2673055684887302
2021-02-05-15-04-42,mot_4,40.434972023583256,1.0726543270347566
2021-02-05-15-04-42,dmot_1,7.019224449768604,198.58883148824168
2021-02-05-15-04-42,dmot_2,7.505405466519541,205.68440462410445
2021-02-05-15-04-42,dmot_3,7.055471671608013,209.70094668492123
2021-02-05-15-04-42,dmot_4,6.5472853844114915,187.2059151507973
2021-02-05-15-04-42,vbat,55.59786819477949,7.214826579204327e-05
2021-02-05-15-40-15,ang_acc_x,21.508180906459945,0.39924055521027296
2021-02-05-15-40-15,ang_acc_y,21.49685714309699,0.2440395225373112
2021-02-05-15-40-15,ang_acc_z,13.788206489463343,0.21455330013094973
2021-02-05-15-40-15,ang_vel_x,44.27184626985916,0.005177126699147304
2021-02-05-15-40-15,ang_vel_y,43.95061354093631,0.0032870744151406
2021-02-05-15-40-15,ang_vel_z,39.093118159522675,0.0026891948187018917
2021-02-05-15-40-15,qx,64.13311675794135,2.6755887649144553e-05
2021-02-05-15-40-15,qy,64.09227129394763,2.2147470542796557e-05
2021-02-05-15-40-15,qz,71.31707172441969,1.722695130495342e-05
2021-02-05-15-40-15,qw,80.76181897278602,1.1960210392630332e-05
2021-02-05-15-40-15,acc_x,60.74558826512308,0.0008215585268326579
2021-02-05-15-40-15,acc_y,63.241678998766545,0.0007148389956347374
2021-02-05-15-40-15,acc_z,75.15874838738411,0.00016968960004620648
2021-02-05-15-40-15,vel_x,71.41356401265556,0.00015505068664210453
2021-02-05-15-40-15,vel_y,71.3202703567284,0.00015970461496782174
2021-02-05-15-40-15,vel_z,75.42049758211968,0.00020290497768369698
2021-02-05-15-40-15,pos_x,92.76839401312554,2.1347988574729903e-05
2021-02-05-15-40-15,pos_y,81.44609231345339,1.6971029719132422e-05
2021-02-05-15-40-15,pos_z,96.0841784315447,9.400416071001017e-06
2021-02-05-15-40-15,mot_1,37.72743322613495,1.7204681455984876
2021-02-05-15-40-15,mot_2,38.21809396732804,1.9806023254931788
2021-02-05-15-40-15,mot_3,35.51556346114725,1.9287448198728545
2021-02-05-15-40-15,mot_4,38.51137760940576,1.6458042516271385
2021-02-05-15-40-15,dmot_1,10.807827595646696,289.9964594195908
2021-02-05-15-40-15,dmot_2,10.639989251685941,332.35954384778387
2021-02-05-15-40-15,dmot_3,10.858735106558306,330.1607795827711
2021-02-05-15-40-15,dmot_4,10.974969337402298,284.78617040951605
2021-02-05-15-40-15,vbat,66.8630513551992,0.00013642106141151657
2021-02-05-15-46-49,ang_acc_x,22.244441981779097,0.3817880594323726
2021-02-05-15-46-49,ang_acc_y,20.663870396498556,0.28541337168217745
2021-02-05-15-46-49,ang_acc_z,17.34043377045968,0.19695486963720896
2021-02-05-15-46-49,ang_vel_x,44.82082900701292,0.00484167556295414
2021-02-05-15-46-49,ang_vel_y,42.497728353339696,0.003792833530384541
2021-02-05-15-46-49,ang_vel_z,43.472503067967324,0.0026344356352805973
2021-02-05-15-46-49,qx,57.42493987750565,2.5897092132545916e-05
2021-02-05-15-46-49,qy,65.75425300917817,2.4759077416036866e-05
2021-02-05-15-46-49,qz,54.86396260399598,1.9309741971310354e-05
2021-02-05-15-46-49,qw,81.6239188894121,1.0699761529858254e-05
2021-02-05-15-46-49,acc_x,60.0458673582439,0.0009066746261246191
2021-02-05-15-46-49,acc_y,61.29050840446382,0.0008157075349118381
2021-02-05-15-46-49,acc_z,75.49451747034838,0.00016831621240443438
2021-02-05-15-46-49,vel_x,71.34426906971707,0.00013428553227797717
2021-02-05-15-46-49,vel_y,71.48092238503195,0.00012533787663152228
2021-02-05-15-46-49,vel_z,74.47749289917522,0.00016821683687774972
2021-02-05-15-46-49,pos_x,83.6965701283019,1.4940375087799573e-05
2021-02-05-15-46-49,pos_y,75.71933558173006,1.4190999994824182e-05
2021-02-05-15-46-49,pos_z,87.48411630707373,9.149500932408272e-06
2021-02-05-15-46-49,mot_1,39.86403519728625,1.8719007991504517
2021-02-05-15-46-49,mot_2,39.89399053861887,2.158646271654253
2021-02-05-15-46-49,mot_3,39.34402379879766,2.1217507568109184
2021-02-05-15-46-49,mot_4,39.467386241182346,1.978618548892063
2021-02-05-15-46-49,dmot_1,11.13505871521854,319.030930090345
2021-02-05-15-46-49,dmot_2,10.884280181852015,366.33301563186143
2021-02-05-15-46-49,dmot_3,11.738780860840484,354.564686495049
2021-02-05-15-46-49,dmot_4,10.633932288158585,338.4134749512692
2021-02-05-15-46-49,vbat,64.74099162741635,0.00039654256158605674
2021-02-05-15-56-24,ang_acc_x,21.797430901470705,0.38119291726828153
2021-02-05-15-56-24,ang_acc_y,20.03099116480592,0.2723760518215723
2021-02-05-15-56-24,ang_acc_z,17.35368749987619,0.21428342921517535
2021-02-05-15-56-24,ang_vel_x,44.656238888650606,0.004898541509872844
2021-02-05-15-56-24,ang_vel_y,43.581713918068246,0.003598795040396172
2021-02-05-15-56-24,ang_vel_z,41.904176660735644,0.0027773317093886195
2021-02-05-15-56-24,qx,68.44120193104425,2.7627424977058446e-05
2021-02-05-15-56-24,qy,64.8009767938534,2.3644454264335233e-05
2021-02-05-15-56-24,qz,69.28736181633396,2.012349431557287e-05
2021-02-05-15-56-24,qw,75.18257829324415,1.2637202824502346e-05
2021-02-05-15-56-24,acc_x,60.27946387499918,0.0008661211607428592
2021-02-05-15-56-24,acc_y,62.498604562423196,0.0008363677297418287
2021-02-05-15-56-24,acc_z,84.31353665513625,0.00015520537134858773
2021-02-05-15-56-24,vel_x,77.74018291317633,0.00011469083812837698
2021-02-05-15-56-24,vel_y,75.25930031216572,0.00011072430164019022
2021-02-05-15-56-24,vel_z,74.69746560740805,0.00015532977655127167
2021-02-05-15-56-24,pos_x,85.13512240462582,1.4907295341910663e-05
2021-02-05-15-56-24,pos_y,84.77653016363638,1.3907663922254353e-05
2021-02-05-15-56-24,pos_z,85.30728143189238,8.873717205637854e-06
2021-02-05-15-56-24,mot_1,40.3179747727731,1.9175256354315318
2021-02-05-15-56-24,mot_2,40.24640853855394,2.0779817098458953
2021-02-05-15-56-24,mot_3,39.59933357217644,2.0138886838768215
2021-02-05-15-56-24,mot_4,39.889941794827415,1.7850113863146855
2021-02-05-15-56-24,dmot_1,9.868694677999471,325.8591876566683
2021-02-05-15-56-24,dmot_2,10.30412766330672,360.7102167936992
2021-02-05-15-56-24,dmot_3,10.487401287907858,347.1743761797569
2021-02-05-15-56-24,dmot_4,10.156681770635531,315.24913479369866
2021-02-05-15-56-24,vbat,67.42464815837103,0.00030578789181037107
2021-02-05-15-58-59,ang_acc_x,17.85641695970511,0.20416000880957968
2021-02-05-15-58-59,ang_acc_y,17.188834801983244,0.14808875561144472
2021-02-05-15-58-59,ang_acc_z,10.459737718971652,0.15810400757874146
2021-02-05-15-58-59,ang_vel_x,44.597834746419394,0.002598860156110594
2021-02-05-15-58-59,ang_vel_y,40.71330669461777,0.001957577412391261
2021-02-05-15-58-59,ang_vel_z,40.62186025056966,0.002051900614341884
2021-02-05-15-58-59,qx,64.97031104966398,2.3765613419839565e-05
2021-02-05-15-58-59,qy,69.00770239070317,2.38552667442387e-05
2021-02-05-15-58-59,qz,68.82132348770443,1.683460014010991e-05
2021-02-05-15-58-59,qw,90.16619595958929,2.6207687940291825e-06
2021-02-05-15-58-59,acc_x,57.74663282447073,0.0005488181797077266
2021-02-05-15-58-59,acc_y,57.27781960681756,0.0004941553782921186
2021-02-05-15-58-59,acc_z,59.77945855030349,7.08680446498029e-05
2021-02-05-15-58-59,vel_x,83.32728590121802,5.4524834136101535e-05
2021-02-05-15-58-59,vel_y,70.68426177376837,5.3002679506010546e-05
2021-02-05-15-58-59,vel_z,74.20008849454251,7.758901834239777e-05
2021-02-05-15-58-59,pos_x,89.56268196936324,1.1072964651860717e-05
2021-02-05-15-58-59,pos_y,77.68503143717658,9.289848806958755e-06
2021-02-05-15-58-59,pos_z,80.55069982682247,5.1353634832151936e-06
2021-02-05-15-58-59,mot_1,36.76172384901959,1.1744748656766864
2021-02-05-15-58-59,mot_2,38.12598057854919,1.0320342250432166
2021-02-05-15-58-59,mot_3,35.78958889828607,1.1389343513377723
2021-02-05-15-58-59,mot_4,34.930715104928176,0.932932944875969
2021-02-05-15-58-59,dmot_1,7.081088202216915,194.36102627170752
2021-02-05-15-58-59,dmot_2,8.38502623833236,175.73858758790985
2021-02-05-15-58-59,dmot_3,7.347630872842837,187.81937771175572
2021-02-05-15-58-59,dmot_4,7.3080857084755815,161.42946574947936
2021-02-05-15-58-59,vbat,56.644949948001,6.347486030192613e-05
2021-02-05-16-06-45,ang_acc_x,21.15491199454268,0.23321322896490512
2021-02-05-16-06-45,ang_acc_y,21.432852947843454,0.17855519549301965
2021-02-05-16-06-45,ang_acc_z,15.3486968086165,0.1818820684047989
2021-02-05-16-06-45,ang_vel_x,46.277880308188074,0.0030317771358350774
2021-02-05-16-06-45,ang_vel_y,46.83676546761718,0.0023547247395795286
2021-02-05-16-06-45,ang_vel_z,39.90866111598567,0.002428268025549834
2021-02-05-16-06-45,qx,66.8074602829784,2.2468405779746297e-05
2021-02-05-16-06-45,qy,67.54550375183578,2.3377495070773873e-05
2021-02-05-16-06-45,qz,75.09945598719513,1.8058856225849444e-05
2021-02-05-16-06-45,qw,84.09968190280388,2.4326974787484688e-06
2021-02-05-16-06-45,acc_x,59.2556643882125,0.0005750003404594627
2021-02-05-16-06-45,acc_y,59.23780625011149,0.0005090800636273553
2021-02-05-16-06-45,acc_z,77.44677218204713,8.53873634531201e-05
2021-02-05-16-06-45,vel_x,80.14765225859475,6.685704967035756e-05
2021-02-05-16-06-45,vel_y,79.07662728021663,6.207938206511492e-05
2021-02-05-16-06-45,vel_z,76.5473663743789,8.98032215733661e-05
2021-02-05-16-06-45,pos_x,84.9689366052618,1.2921325032333092e-05
2021-02-05-16-06-45,pos_y,77.86416458974179,1.0557246380833242e-05
2021-02-05-16-06-45,pos_z,87.24580726107682,5.459332172717257e-06
2021-02-05-16-06-45,mot_1,41.427507146056016,1.276044193627171
2021-02-05-16-06-45,mot_2,41.19775554488822,1.287162091697583
2021-02-05-16-06-45,mot_3,41.37230698007835,1.2833790131712535
2021-02-05-16-06-45,mot_4,41.12260256844377,1.1674790484078974
2021-02-05-16-06-45,dmot_1,11.63026024512829,216.83476671061152
2021-02-05-16-06-45,dmot_2,11.690939176062846,222.45930314907963
2021-02-05-16-06-45,dmot_3,11.798387483410416,217.1169425613521
2021-02-05-16-06-45,dmot_4,12.238522939581639,198.6090563072294
2021-02-05-16-06-45,vbat,59.535137622963006,0.00012992319755820175
2021-02-05-16-10-53,ang_acc_x,19.682552336113346,0.36184370967138396
2021-02-05-16-10-53,ang_acc_y,20.561460852968846,0.23375471606160422
2021-02-05-16-10-53,ang_acc_z,17.362944419383442,0.262747762930805
2021-02-05-16-10-53,ang_vel_x,43.1629683302792,0.00461319357046789
2021-02-05-16-10-53,ang_vel_y,43.047462584960314,0.003120693857321797
2021-02-05-16-10-53,ang_vel_z,41.22664169164879,0.0032789527757093482
2021-02-05-16-10-53,qx,77.38997402800163,2.5009589105728985e-05
2021-02-05-16-10-53,qy,78.39017992692577,2.3967351572432004e-05
2021-02-05-16-10-53,qz,81.7553668289618,1.9456027964370597e-05
2021-02-05-16-10-53,qw,85.81571652378537,5.3940641439728984e-06
2021-02-05-16-10-53,acc_x,58.158081315584184,0.0007151065330192851
2021-02-05-16-10-53,acc_y,58.62994549583231,0.0006906698607613476
2021-02-05-16-10-53,acc_z,85.3281615062268,0.0001370821605043062
2021-02-05-16-10-53,vel_x,79.72505344981653,0.00011543752651805675
2021-02-05-16-10-53,vel_y,81.91095223110779,0.00010679937063991511
2021-02-05-16-10-53,vel_z,77.60953164621048,0.0001601141668152765
2021-02-05-16-10-53,pos_x,102.16750334723116,1.554043758776764e-05
2021-02-05-16-10-53,pos_y,91.54235615425867,1.7679358654888897e-05
2021-02-05-16-10-53,pos_z,92.40425707891113,6.237541508800426e-06
2021-02-05-16-10-53,mot_1,41.455169754121606,1.7291711111480756
2021-02-05-16-10-53,mot_2,40.31971934403838,1.8068315217948228
2021-02-05-16-10-53,mot_3,41.49358735952578,1.878076900909346
2021-02-05-16-10-53,mot_4,41.19843330852202,1.5272210260373484
2021-02-05-16-10-53,dmot_1,13.03596816023153,293.884319867333
2021-02-05-16-10-53,dmot_2,12.681904312255094,311.95378519164495
2021-02-05-16-10-53,dmot_3,13.108599703527833,323.12331514589954
2021-02-05-16-10-53,dmot_4,13.728959849507197,265.16905454369794
2021-02-05-16-10-53,vbat,65.01308795822122,0.000286359416311177
2021-02-05-16-14-20,ang_acc_x,22.1109998790935,0.32411772500997504
2021-02-05-16-14-20,ang_acc_y,23.512680016818273,0.2413501886086155
2021-02-05-16-14-20,ang_acc_z,19.744469482426815,0.24115893508531036
2021-02-05-16-14-20,ang_vel_x,44.43316360547841,0.004244557851638145
2021-02-05-16-14-20,ang_vel_y,44.648765283940335,0.0032394571307464482
2021-02-05-16-14-20,ang_vel_z,37.989808850533876,0.003179713879293437
2021-02-05-16-14-20,qx,60.24013484381798,2.8158820221344526e-05
2021-02-05-16-14-20,qy,75.63597474544929,2.6277396371260845e-05
2021-02-05-16-14-20,qz,78.42067184152774,2.1099582017997798e-05
2021-02-05-16-14-20,qw,83.20653239501365,4.356513629460823e-06
2021-02-05-16-14-20,acc_x,58.32404185661357,0.0008068312275012521
2021-02-05-16-14-20,acc_y,58.61857434412233,0.0007442946295831614
2021-02-05-16-14-20,acc_z,84.64710762254805,0.00012779576145609113
2021-02-05-16-14-20,vel_x,69.0779938563816,9.929134912301802e-05
2021-02-05-16-14-20,vel_y,73.72220855134448,9.370467641901589e-05
2021-02-05-16-14-20,vel_z,76.55533943590257,0.00012925214199570702
2021-02-05-16-14-20,pos_x,92.94725936892617,1.4102764548867607e-05
2021-02-05-16-14-20,pos_y,69.15045353524047,1.4265324275242168e-05
2021-02-05-16-14-20,pos_z,81.4726079844099,6.535673289141819e-06
2021-02-05-16-14-20,mot_1,42.239354976911045,1.5797334765958717
2021-02-05-16-14-20,mot_2,40.516584700532796,1.7899993278466022
2021-02-05-16-14-20,mot_3,42.15730998470359,1.7381255816101253
2021-02-05-16-14-20,mot_4,40.73744107472378,1.538920614321556
2021-02-05-16-14-20,dmot_1,13.565494521032752,270.19614661916825
2021-02-05-16-14-20,dmot_2,12.880339200446658,307.75195564251743
2021-02-05-16-14-20,dmot_3,13.570670464315398,296.34361719805014
2021-02-05-16-14-20,dmot_4,13.83593932066163,267.00864103687013
2021-02-05-16-14-20,vbat,66.69605230907209,0.00031583557501062385
2021-02-05-16-16-00,ang_acc_x,18.493658218671722,0.25013802269546226
2021-02-05-16-16-00,ang_acc_y,17.28340491732026,0.19126431804214317
2021-02-05-16-16-00,ang_acc_z,10.777487147026543,0.2307792189418567
2021-02-05-16-16-00,ang_vel_x,46.03030759378005,0.003339067574613967
2021-02-05-16-16-00,ang_vel_y,42.44084036056543,0.002566396940945012
2021-02-05-16-16-00,ang_vel_z,37.999238458109936,0.003009308138968534
2021-02-05-16-16-00,qx,71.85670169811539,2.1976610561363293e-05
2021-02-05-16-16-00,qy,78.5412557715554,2.250263654947885e-05
2021-02-05-16-16-00,qz,89.70812291015909,1.103111035002923e-05
2021-02-05-16-16-00,qw,83.76267784354823,7.270668450087547e-06
2021-02-05-16-16-00,acc_x,60.870403557674884,0.0006275836790997996
2021-02-05-16-16-00,acc_y,66.01519592046617,0.0005916706664081684
2021-02-05-16-16-00,acc_z,83.15949083363053,8.931293767880496e-05
2021-02-05-16-16-00,vel_x,75.95507725473271,5.48934350224942e-05
2021-02-05-16-16-00,vel_y,76.97879685821276,5.410237059123743e-05
2021-02-05-16-16-00,vel_z,67.92464121497501,8.544421877864677e-05
2021-02-05-16-16-00,pos_x,91.80940830584625,9.970875619482821e-06
2021-02-05-16-16-00,pos_y,95.9584887427697,1.1061374019164826e-05
2021-02-05-16-16-00,pos_z,91.1261493057266,4.891334308644035e-06
2021-02-05-16-16-00,mot_1,43.935191027492536,1.377124777634833
2021-02-05-16-16-00,mot_2,42.67511562885508,1.4196249441440072
2021-02-05-16-16-00,mot_3,41.91109010675852,1.537702325312155
2021-02-05-16-16-00,mot_4,41.4269927411323,1.4066424647080524
2021-02-05-16-16-00,dmot_1,5.043619104285812,239.2403588763656
2021-02-05-16-16-00,dmot_2,5.882756419439483,237.42587303096232
2021-02-05-16-16-00,dmot_3,5.653552315172324,266.6977978147486
2021-02-05-16-16-00,dmot_4,4.790868178896181,243.3927801663846
2021-02-05-16-16-00,vbat,81.75705433565271,0.00010365154281010404
2021-02-05-16-19-10,ang_acc_x,17.96673164143058,0.2843869152227779
2021-02-05-16-19-10,ang_acc_y,18.200021096381974,0.2269260138358155
2021-02-05-16-19-10,ang_acc_z,12.58203571022959,0.2193720211543939
2021-02-05-16-19-10,ang_vel_x,46.30671819527366,0.0037362867452232504
2021-02-05-16-19-10,ang_vel_y,43.30488446981067,0.0030562030245332864
2021-02-05-16-19-10,ang_vel_z,41.519226261030376,0.0029543585966743686
2021-02-05-16-19-10,qx,65.98031399815922,2.281996603327572e-05
2021-02-05-16-19-10,qy,64.81873078026867,2.4411145811807304e-05
2021-02-05-16-19-10,qz,80.43363395684804,1.3246132265011323e-05
2021-02-05-16-19-10,qw,89.20452416376561,1.1123749114379122e-05
2021-02-05-16-19-10,acc_x,60.12700014681983,0.0007498605761856794
2021-02-05-16-19-10,acc_y,66.23008421880184,0.00068145538266482
2021-02-05-16-19-10,acc_z,78.0089898662653,0.00014582375458360594
2021-02-05-16-19-10,vel_x,81.71090097288223,7.892496426317796e-05
2021-02-05-16-19-10,vel_y,77.51595505156628,8.088584143690939e-05
2021-02-05-16-19-10,vel_z,66.68998416054305,0.00011723742808488022
2021-02-05-16-19-10,pos_x,78.7759139652432,1.1952929499173991e-05
2021-02-05-16-19-10,pos_y,80.49603822293533,1.1718511949826826e-05
2021-02-05-16-19-10,pos_z,77.74283462538732,5.325964648240067e-06
2021-02-05-16-19-10,mot_1,44.10465396265509,1.6234366106478164
2021-02-05-16-19-10,mot_2,42.096840692138656,1.6059617799234325
2021-02-05-16-19-10,mot_3,42.66734728918124,1.8429558936911317
2021-02-05-16-19-10,mot_4,41.73475160596447,1.723586559115533
2021-02-05-16-19-10,dmot_1,6.729179213257841,274.2376241289149
2021-02-05-16-19-10,dmot_2,6.757893995418424,275.31627025257234
2021-02-05-16-19-10,dmot_3,7.2290978842718285,321.67443812475983
2021-02-05-16-19-10,dmot_4,6.352051065724132,299.9821602886741
2021-02-05-16-19-10,vbat,73.04871723086752,0.00017982968082181969
2021-02-05-16-29-21,ang_acc_x,20.79884810826909,0.3523057447746088
2021-02-05-16-29-21,ang_acc_y,20.025803690601872,0.27951415161582355
2021-02-05-16-29-21,ang_acc_z,15.921792564600876,0.22001456690042337
2021-02-05-16-29-21,ang_vel_x,43.616929840751,0.004520432446485931
2021-02-05-16-29-21,ang_vel_y,42.75518272217241,0.0036789231079388932
2021-02-05-16-29-21,ang_vel_z,41.769647401047195,0.0028597108401322304
2021-02-05-16-29-21,qx,52.92674150514343,2.7239898201418568e-05
2021-02-05-16-29-21,qy,60.02464578168539,2.943513114884843e-05
2021-02-05-16-29-21,qz,64.28320718673871,1.91529088127854e-05
2021-02-05-16-29-21,qw,82.99607784362344,1.0085617990700367e-05
2021-02-05-16-29-21,acc_x,59.24643366648286,0.0009361012548054368
2021-02-05-16-29-21,acc_y,61.433576085479366,0.000791191817994616
2021-02-05-16-29-21,acc_z,69.93103800301931,0.00014986931435990964
2021-02-05-16-29-21,vel_x,77.05412389616895,9.830044030681613e-05
2021-02-05-16-29-21,vel_y,69.46785180088102,9.525212063328598e-05
2021-02-05-16-29-21,vel_z,74.16283073867416,0.00011322129443696733
2021-02-05-16-29-21,pos_x,79.92350967851398,1.3284196700257311e-05
2021-02-05-16-29-21,pos_y,71.22861513703255,1.2004841919378683e-05
2021-02-05-16-29-21,pos_z,82.6236097331122,9.643374465319576e-06
2021-02-05-16-29-21,mot_1,39.95538620273319,1.7844446503978277
2021-02-05-16-29-21,mot_2,40.55192799450091,1.9023755453151627
2021-02-05-16-29-21,mot_3,39.299609818073336,2.0446388193125666
2021-02-05-16-29-21,mot_4,39.82393386741855,1.7470422575324036
2021-02-05-16-29-21,dmot_1,10.881777350450077,309.72508483649426
2021-02-05-16-29-21,dmot_2,10.931292896355892,318.8242747121082
2021-02-05-16-29-21,dmot_3,10.65794565293578,344.69897706529116
2021-02-05-16-29-21,dmot_4,10.36519533367308,304.43785192807763
2021-02-05-16-29-21,vbat,68.74968540250379,0.00033475916335946464
2021-02-05-16-31-14,ang_acc_x,22.53421351697208,0.3044015138170609
2021-02-05-16-31-14,ang_acc_y,20.30141770518014,0.22323001521732996
2021-02-05-16-31-14,ang_acc_z,15.698001415931309,0.22413466947961078
2021-02-05-16-31-14,ang_vel_x,45.50138698686454,0.0038474703946294354
2021-02-05-16-31-14,ang_vel_y,41.95292479499295,0.003082658270656574
2021-02-05-16-31-14,ang_vel_z,40.99235931112875,0.002912645723592363
2021-02-05-16-31-14,qx,59.94021275899766,2.6530175243631647e-05
2021-02-05-16-31-14,qy,65.95601483865684,2.497502092870083e-05
2021-02-05-16-31-14,qz,63.987237868423975,1.960194461521184e-05
2021-02-05-16-31-14,qw,83.79338458770141,4.84187580373161e-06
2021-02-05-16-31-14,acc_x,59.12228739058894,0.0008094667906921138
2021-02-05-16-31-14,acc_y,61.35616791691109,0.0007148485022400248
2021-02-05-16-31-14,acc_z,77.10681704200235,0.00013081890959930505
2021-02-05-16-31-14,vel_x,69.70953755425798,9.74061964315734e-05
2021-02-05-16-31-14,vel_y,70.22616398381834,0.00010197549918516633
2021-02-05-16-31-14,vel_z,74.98973706548102,0.00011577539902837204
2021-02-05-16-31-14,pos_x,88.03096838062652,1.4368760909659883e-05
2021-02-05-16-31-14,pos_y,80.18250232148631,1.1673883455288058e-05
2021-02-05-16-31-14,pos_z,78.94151111506012,8.118269578139702e-06
2021-02-05-16-31-14,mot_1,41.13827523515931,1.6244179583443175
2021-02-05-16-31-14,mot_2,39.584848629788944,1.9570375759214969
2021-02-05-16-31-14,mot_3,39.306373639081976,1.7788646190746784
2021-02-05-16-31-14,mot_4,39.87709001297862,1.6899726757469273
2021-02-05-16-31-14,dmot_1,10.609082595422446,279.9320347328827
2021-02-05-16-31-14,dmot_2,9.710477517124398,331.04910611932377
2021-02-05-16-31-14,dmot_3,10.330781343987855,305.9006878560536
2021-02-05-16-31-14,dmot_4,10.037057419300208,295.3992794785923
2021-02-05-16-31-14,vbat,53.798804758962106,0.00020404718210456565
2021-02-05-16-33-13,ang_acc_x,16.286558307975156,0.2725444630012453
2021-02-05-16-33-13,ang_acc_y,14.110378956724672,0.202393453745963
2021-02-05-16-33-13,ang_acc_z,9.609582101795986,0.23572570505813717
2021-02-05-16-33-13,ang_vel_x,46.876522946576884,0.003602214836526333
2021-02-05-16-33-13,ang_vel_y,42.49090879687047,0.0027707505749360825
2021-02-05-16-33-13,ang_vel_z,37.76175230390718,0.003080238237358422
2021-02-05-16-33-13,qx,80.0995709147796,2.2283574250894818e-05
2021-02-05-16-33-13,qy,78.24900152160129,2.3854990092596778e-05
2021-02-05-16-33-13,qz,89.4225914499406,1.1796399875771637e-05
2021-02-05-16-33-13,qw,79.6409923977815,8.38529423162654e-06
2021-02-05-16-33-13,acc_x,60.583371697781196,0.0006618909262226092
2021-02-05-16-33-13,acc_y,65.84795198707916,0.0006121542751209559
2021-02-05-16-33-13,acc_z,84.65324474861018,9.315367928736684e-05
2021-02-05-16-33-13,vel_x,79.94485485421241,6.189205219067627e-05
2021-02-05-16-33-13,vel_y,89.2804757953455,5.826758116416733e-05
2021-02-05-16-33-13,vel_z,67.1732460540142,8.203747863921846e-05
2021-02-05-16-33-13,pos_x,91.6419371020763,9.284625317784823e-06
2021-02-05-16-33-13,pos_y,95.14800233552128,1.1616785289976672e-05
2021-02-05-16-33-13,pos_z,89.54221248412482,5.216228044363591e-06
2021-02-05-16-33-13,mot_1,44.84237402316541,1.445751374462133
2021-02-05-16-33-13,mot_2,42.38496755989849,1.4718993795475368
2021-02-05-16-33-13,mot_3,41.364251136517964,1.603722714077137
2021-02-05-16-33-13,mot_4,41.19634309937715,1.445202344284762
2021-02-05-16-33-13,dmot_1,5.733615766124847,252.24320675448362
2021-02-05-16-33-13,dmot_2,4.183567595132377,247.6495364446682
2021-02-05-16-33-13,dmot_3,3.9517797296638935,280.66422794310535
2021-02-05-16-33-13,dmot_4,3.865085805640658,256.53933918354016
2021-02-05-16-33-13,vbat,77.85533900518816,0.0001153124402989448
2021-02-18-13-44-23,ang_acc_x,19.864698226534788,0.225914493805062
2021-02-18-13-44-23,ang_acc_y,22.320922562945146,0.17135159981146852
2021-02-18-13-44-23,ang_acc_z,10.57248891125645,0.18422262126666847
2021-02-18-13-44-23,ang_vel_x,43.841375573704376,0.002991543565882166
2021-02-18-13-44-23,ang_vel_y,47.01611997174406,0.002280007243605488
2021-02-18-13-44-23,ang_vel_z,26.842964178282237,0.0023647769077845262
2021-02-18-13-44-23,qx,74.81073241268182,2.9860806576007358e-05
2021-02-18-13-44-23,qy,73.39994618943904,2.8035989872730626e-05
2021-02-18-13-44-23,qz,82.24110431967787,1.7845187754829234e-05
2021-02-18-13-44-23,qw,83.7503070788051,1.1513700760701816e-05
2021-02-18-13-44-23,acc_x,59.25794794017351,0.000800052458243285
2021-02-18-13-44-23,acc_y,59.84135719559491,0.000728496700513979
2021-02-18-13-44-23,acc_z,80.0624783230166,0.00015204846448660286
2021-02-18-13-44-23,vel_x,82.98860354772063,7.144960987107409e-05
2021-02-18-13-44-23,vel_y,83.30652168287838,7.15436486307563e-05
2021-02-18-13-44-23,vel_z,68.00465782533767,8.670060505658518e-05
2021-02-18-13-44-23,pos_x,88.39746257316659,1.4066814789572167e-05
2021-02-18-13-44-23,pos_y,96.2465751866686,1.429092311636384e-05
2021-02-18-13-44-23,pos_z,97.0604854788811,1.2259811108193318e-05
2021-02-18-13-44-23,mot_1,40.6444511055767,1.3477757707529985
2021-02-18-13-44-23,mot_2,41.23518773960004,1.2606739379074907
2021-02-18-13-44-23,mot_3,39.883554935219216,1.3845501545914036
2021-02-18-13-44-23,mot_4,40.56669192391994,1.1640432763201416
2021-02-18-13-44-23,dmot_1,6.381410500040367,227.80183122363815
2021-02-18-13-44-23,dmot_2,8.913540278028037,216.78053336550443
2021-02-18-13-44-23,dmot_3,8.231837726687578,232.00556708164538
2021-02-18-13-44-23,dmot_4,5.978826947384809,202.72151859025712
2021-02-18-13-44-23,vbat,64.27239307962411,8.591767852950908e-05
2021-02-18-14-15-53,ang_acc_x,15.390202562888275,0.29971633939284836
2021-02-18-14-15-53,ang_acc_y,16.722602283767948,0.20642981018482978
2021-02-18-14-15-53,ang_acc_z,7.224797143670059,0.24989909405925181
2021-02-18-14-15-53,ang_vel_x,45.58421297097,0.0039416591676838895
2021-02-18-14-15-53,ang_vel_y,46.91294714532486,0.0028109555669442177
2021-02-18-14-15-53,ang_vel_z,22.669279769222985,0.0033109257251747602
2021-02-18-14-15-53,qx,73.97399306325954,2.5808670704219252e-05
2021-02-18-14-15-53,qy,80.21870405988805,2.4145668252703773e-05
2021-02-18-14-15-53,qz,75.08363273855552,1.901361020507003e-05
2021-02-18-14-15-53,qw,89.74212788358157,6.0581369177794995e-06
2021-02-18-14-15-53,acc_x,62.75515045746402,0.0008030063460453609
2021-02-18-14-15-53,acc_y,63.31043994702456,0.0007498312166945416
2021-02-18-14-15-53,acc_z,83.85828999728959,0.0001582969431176778
2021-02-18-14-15-53,vel_x,85.43549573790474,0.00010612132573301827
2021-02-18-14-15-53,vel_y,78.57838350908337,0.00010653643861046926
2021-02-18-14-15-53,vel_z,66.4579575044254,0.00015038763683645917
2021-02-18-14-15-53,pos_x,96.9927285092242,1.577410524023768e-05
2021-02-18-14-15-53,pos_y,83.77700803245258,1.5031807868603097e-05
2021-02-18-14-15-53,pos_z,90.90806554613943,1.1824647582158086e-05
2021-02-18-14-15-53,mot_1,42.28412804996027,1.622768756152658
2021-02-18-14-15-53,mot_2,42.934750735437426,1.6500340074318163
2021-02-18-14-15-53,mot_3,42.08898254632001,1.7910970589086808
2021-02-18-14-15-53,mot_4,41.743609008248086,1.6370207307039308
2021-02-18-14-15-53,dmot_1,4.039667819612671,283.84247120794896
2021-02-18-14-15-53,dmot_2,4.660384479786702,276.35338155128386
2021-02-18-14-15-53,dmot_3,4.247102730826498,311.29904767718335
2021-02-18-14-15-53,dmot_4,4.246568378269785,286.8282938042627
2021-02-18-14-15-53,vbat,84.42295501251868,0.00011312252080936104
2021-02-18-15-47-24,ang_acc_x,15.848734938995845,0.28473122532694894
2021-02-18-15-47-24,ang_acc_y,18.27381589305419,0.19931859669783103
2021-02-18-15-47-24,ang_acc_z,9.561138906955591,0.22472870125757993
2021-02-18-15-47-24,ang_vel_x,45.352051468094174,0.0037767932052275217
2021-02-18-15-47-24,ang_vel_y,47.647909636375005,0.0026516403305883456
2021-02-18-15-47-24,ang_vel_z,24.394107368543324,0.0029273588326295262
2021-02-18-15-47-24,qx,76.58897539589582,2.6174426043954938e-05
2021-02-18-15-47-24,qy,75.2504056365514,2.6703717751105886e-05
2021-02-18-15-47-24,qz,71.23253385283765,2.1763381177753442e-05
2021-02-18-15-47-24,qw,88.2452042474344,6.138115099287677e-06
2021-02-18-15-47-24,acc_x,61.76918317832098,0.0008264972681339515
2021-02-18-15-47-24,acc_y,63.86358506531157,0.0007218816272120728
2021-02-18-15-47-24,acc_z,85.0075400896017,0.00010553962389789291
2021-02-18-15-47-24,vel_x,84.05011298834354,9.579231254101326e-05
2021-02-18-15-47-24,vel_y,80.63262656528303,9.022525436013091e-05
2021-02-18-15-47-24,vel_z,64.97665405551538,0.00014971546710997488
2021-02-18-15-47-24,pos_x,93.56165596038308,8.129130151257401e-06
2021-02-18-15-47-24,pos_y,86.84641032317174,7.698980916707398e-06
2021-02-18-15-47-24,pos_z,87.56546126505648,6.950050502209581e-06
2021-02-18-15-47-24,mot_1,42.66164128987917,1.5194879931392122
2021-02-18-15-47-24,mot_2,42.903177416451484,1.7215516795344088
2021-02-18-15-47-24,mot_3,42.791019902759075,1.508644066817132
2021-02-18-15-47-24,mot_4,42.55588008188476,1.4686458948882715
2021-02-18-15-47-24,dmot_1,4.809693185615388,256.0950425608683
2021-02-18-15-47-24,dmot_2,5.143120191358227,291.4177162733314
2021-02-18-15-47-24,dmot_3,5.490318344270485,261.64354035230843
2021-02-18-15-47-24,dmot_4,5.084558378697479,252.32950492682687
2021-02-18-15-47-24,vbat,78.79810388259797,0.0001217748125356934
2021-02-18-16-08-00,ang_acc_x,21.34656929832861,0.2858537955534846
2021-02-18-16-08-00,ang_acc_y,26.45980772190374,0.20057175135628513
2021-02-18-16-08-00,ang_acc_z,9.197530726797297,0.22843789828000546
2021-02-18-16-08-00,ang_vel_x,44.85877499941778,0.0039045157499056956
2021-02-18-16-08-00,ang_vel_y,46.74358397743005,0.0027081866190566753
2021-02-18-16-08-00,ang_vel_z,23.108040984541752,0.00299422676352047
2021-02-18-16-08-00,qx,76.39837065706254,2.7008740268636832e-05
2021-02-18-16-08-00,qy,77.4144954074865,2.8357302147200834e-05
2021-02-18-16-08-00,qz,76.32503245022001,2.4287612149487814e-05
2021-02-18-16-08-00,qw,90.34599357640872,5.88846269644716e-06
2021-02-18-16-08-00,acc_x,61.582993150266574,0.0009038113757554334
2021-02-18-16-08-00,acc_y,62.29108407892233,0.0008014929535831882
2021-02-18-16-08-00,acc_z,76.7699768218431,0.00011586486894017013
2021-02-18-16-08-00,vel_x,82.70855228396877,0.00010537538615703122
2021-02-18-16-08-00,vel_y,82.5369317406138,0.0001029883838624424
2021-02-18-16-08-00,vel_z,64.72833230351212,0.0001614148535008075
2021-02-18-16-08-00,pos_x,95.26335143046153,1.3125260933902337e-05
2021-02-18-16-08-00,pos_y,84.66597907184547,1.4384506742296989e-05
2021-02-18-16-08-00,pos_z,85.518167132217,9.852924672029871e-06
2021-02-18-16-08-00,mot_1,42.6862755770345,1.480195057216859
2021-02-18-16-08-00,mot_2,42.3023005792112,1.6131468523687318
2021-02-18-16-08-00,mot_3,42.075258062648814,1.5868157383790695
2021-02-18-16-08-00,mot_4,42.49103403081947,1.421637600772528
2021-02-18-16-08-00,dmot_1,9.240118894459025,249.98297592591854
2021-02-18-16-08-00,dmot_2,5.951482916151873,275.6445070856365
2021-02-18-16-08-00,dmot_3,6.603413739569652,273.14486083793577
2021-02-18-16-08-00,dmot_4,9.132830670818427,243.23692588582483
2021-02-18-16-08-00,vbat,63.32984754814699,0.0001050469285743219
2021-02-18-16-31-30,ang_acc_x,16.420862938085875,0.2650827579569893
2021-02-18-16-31-30,ang_acc_y,18.696147989373436,0.18542279998062697
2021-02-18-16-31-30,ang_acc_z,9.174313422724513,0.21212781434436515
2021-02-18-16-31-30,ang_vel_x,45.4374544220141,0.0034903205835216003
2021-02-18-16-31-30,ang_vel_y,47.19735589169265,0.0026492677776416155
2021-02-18-16-31-30,ang_vel_z,23.34275919938967,0.0028805705975626025
2021-02-18-16-31-30,qx,72.91936235691291,2.620466761190996e-05
2021-02-18-16-31-30,qy,74.59918848091849,2.8060574945979066e-05
2021-02-18-16-31-30,qz,74.24674550243624,2.3442925610320917e-05
2021-02-18-16-31-30,qw,90.95309656072985,5.4804014907603e-06
2021-02-18-16-31-30,acc_x,61.657762247471254,0.0008712632354749801
2021-02-18-16-31-30,acc_y,60.85105430834403,0.0007714505860654553
2021-02-18-16-31-30,acc_z,84.87561715910641,0.00010843417651051261
2021-02-18-16-31-30,vel_x,83.70522954033316,9.718257600316872e-05
2021-02-18-16-31-30,vel_y,80.27200503948579,9.93394791197805e-05
2021-02-18-16-31-30,vel_z,64.52732039181208,0.00014935291049815168
2021-02-18-16-31-30,pos_x,91.62450595331396,1.1587504165362627e-05
2021-02-18-16-31-30,pos_y,87.02971968118136,1.1078888276359233e-05
2021-02-18-16-31-30,pos_z,85.40273015721363,8.462030406465626e-06
2021-02-18-16-31-30,mot_1,42.49069939375201,1.378831904368268
2021-02-18-16-31-30,mot_2,42.55622997704001,1.5716788395339412
2021-02-18-16-31-30,mot_3,42.88338596239828,1.4589803821921505
2021-02-18-16-31-30,mot_4,42.85604070456843,1.3219880612426453
2021-02-18-16-31-30,dmot_1,4.58226252971349,238.0108490464969
2021-02-18-16-31-30,dmot_2,4.845817349503113,267.18548099392643
2021-02-18-16-31-30,dmot_3,5.45053148868859,254.87015194354345
2021-02-18-16-31-30,dmot_4,5.135651084955324,231.44017431675726
2021-02-18-16-31-30,vbat,74.72638375048567,0.00012061710161100336
2021-02-18-16-41-41,ang_acc_x,18.351142369761963,0.303207240473745
2021-02-18-16-41-41,ang_acc_y,21.51665756654591,0.18426340862562848
2021-02-18-16-41-41,ang_acc_z,11.412770649558224,0.20077229735248606
2021-02-18-16-41-41,ang_vel_x,38.69033347645563,0.004021618123055277
2021-02-18-16-41-41,ang_vel_y,41.36836605267505,0.0025253021488847176
2021-02-18-16-41-41,ang_vel_z,20.009755097588314,0.0027688795829256276
2021-02-18-16-41-41,qx,72.42830631761593,2.4341827035686316e-05
2021-02-18-16-41-41,qy,75.70220892388238,2.897047484711555e-05
2021-02-18-16-41-41,qz,52.80540138231737,2.111557612362804e-05
2021-02-18-16-41-41,qw,75.76177397061649,3.3412897123634043e-06
2021-02-18-16-41-41,acc_x,57.143663609253835,0.0007157997254017453
2021-02-18-16-41-41,acc_y,60.15774437863343,0.0005929902064602706
2021-02-18-16-41-41,acc_z,84.76765798722303,8.789664377647028e-05
2021-02-18-16-41-41,vel_x,79.78772081430934,9.399406942066694e-05
2021-02-18-16-41-41,vel_y,79.59358329783944,8.132822454715812e-05
2021-02-18-16-41-41,vel_z,79.59942060745273,8.828820145120293e-05
2021-02-18-16-41-41,pos_x,92.15687334365771,8.253109084286114e-06
2021-02-18-16-41-41,pos_y,86.66865601873062,7.828142678677396e-06
2021-02-18-16-41-41,pos_z,87.66238532308753,5.75459809617338e-06
2021-02-18-16-41-41,mot_1,41.25010078086852,1.272789882529795
2021-02-18-16-41-41,mot_2,42.12997765989063,1.253841424564701
2021-02-18-16-41-41,mot_3,41.54963155770087,1.267312371027201
2021-02-18-16-41-41,mot_4,40.580418284836135,1.2633008538897883
2021-02-18-16-41-41,dmot_1,11.971192023073273,217.53625987662278
2021-02-18-16-41-41,dmot_2,12.632635116278506,216.34854624561947
2021-02-18-16-41-41,dmot_3,11.925314568512665,217.5833316278133
2021-02-18-16-41-41,dmot_4,11.197006677457544,218.3984468728931
2021-02-18-16-41-41,vbat,69.94115330050035,0.00016403409093962863
2021-02-18-16-43-54,ang_acc_x,0.3907892969030072,1.549550226059302
2021-02-18-16-43-54,ang_acc_y,5.0314839143772225,1.0690912461812307
2021-02-18-16-43-54,ang_acc_z,-1.0953084467944716,0.6171852615622165
2021-02-18-16-43-54,ang_vel_x,24.8377606610406,0.019708889279946712
2021-02-18-16-43-54,ang_vel_y,28.521148284407126,0.013591045731423614
2021-02-18-16-43-54,ang_vel_z,12.436994450616393,0.007321627012851355
2021-02-18-16-43-54,qx,58.87307237749032,0.00015544707587294954
2021-02-18-16-43-54,qy,59.4033278293934,0.0001534104319453101
2021-02-18-16-43-54,qz,40.279236711717346,9.736086104494155e-05
2021-02-18-16-43-54,qw,58.03731447201688,2.318714928423533e-05
2021-02-18-16-43-54,acc_x,36.452456969063284,0.01046904434786028
2021-02-18-16-43-54,acc_y,34.47773861391966,0.010796986875702753
2021-02-18-16-43-54,acc_z,50.10946638829529,0.0088855625072576
2021-02-18-16-43-54,vel_x,62.72348079660987,0.0008391273985135017
2021-02-18-16-43-54,vel_y,61.29959585747855,0.0008102937375330936
2021-02-18-16-43-54,vel_z,60.848611386130784,0.000951455582462735
2021-02-18-16-43-54,pos_x,74.99731508317868,4.377367951968391e-05
2021-02-18-16-43-54,pos_y,74.18658345190346,4.439149296087343e-05
2021-02-18-16-43-54,pos_z,58.74197532953431,2.771004254076086e-05
2021-02-18-16-43-54,mot_1,27.82377389368544,5.637294116268759
2021-02-18-16-43-54,mot_2,28.895266715394335,5.185176330017727
2021-02-18-16-43-54,mot_3,29.123394275640493,5.718269168949809
2021-02-18-16-43-54,mot_4,28.06783228260099,5.1275650903274475
2021-02-18-16-43-54,dmot_1,-0.5031852057617257,567.1041030182886
2021-02-18-16-43-54,dmot_2,1.8138167989633094,507.4132951593383
2021-02-18-16-43-54,dmot_3,1.8123019343071838,539.1542846204455
2021-02-18-16-43-54,dmot_4,0.4104740956583304,528.8929678916412
2021-02-18-16-43-54,vbat,58.13076839499483,0.00044993961471831195
2021-02-18-16-47-02,ang_acc_x,20.385130811215465,0.30393264119831676
2021-02-18-16-47-02,ang_acc_y,22.98069343952751,0.20013842137745494
2021-02-18-16-47-02,ang_acc_z,12.68531483516904,0.19095901429150172
2021-02-18-16-47-02,ang_vel_x,38.752741454815485,0.003982588074410143
2021-02-18-16-47-02,ang_vel_y,41.49509938638003,0.002763224152806641
2021-02-18-16-47-02,ang_vel_z,24.473997403534856,0.002549692472734633
2021-02-18-16-47-02,qx,75.9970036356814,2.25938461819658e-05
2021-02-18-16-47-02,qy,73.59928240788503,2.806772494137536e-05
2021-02-18-16-47-02,qz,70.682669368334,2.0299010873479407e-05
2021-02-18-16-47-02,qw,75.46742879657221,4.478584655777018e-06
2021-02-18-16-47-02,acc_x,57.29204609842591,0.0007142451500686957
2021-02-18-16-47-02,acc_y,60.64865838223742,0.0005822514731394048
2021-02-18-16-47-02,acc_z,80.17433407838917,0.00011300930944819213
2021-02-18-16-47-02,vel_x,78.80974381588797,0.00010338293486502625
2021-02-18-16-47-02,vel_y,79.93960169710603,8.75119183622231e-05
2021-02-18-16-47-02,vel_z,80.8678991844411,9.460287379501974e-05
2021-02-18-16-47-02,pos_x,97.55637805286398,1.1352143156303439e-05
2021-02-18-16-47-02,pos_y,101.17300414363092,1.0861552405952263e-05
2021-02-18-16-47-02,pos_z,89.68418261675598,5.9895085527799535e-06
2021-02-18-16-47-02,mot_1,41.015590546253556,1.3692168301578962
2021-02-18-16-47-02,mot_2,41.99993274807853,1.2810552490454223
2021-02-18-16-47-02,mot_3,42.3407878894363,1.3071655177595662
2021-02-18-16-47-02,mot_4,40.41431145957936,1.3420348593384137
2021-02-18-16-47-02,dmot_1,12.93310829920438,236.4903198360562
2021-02-18-16-47-02,dmot_2,11.797919010026217,217.52851449754934
2021-02-18-16-47-02,dmot_3,12.032242256804972,226.99193074597272
2021-02-18-16-47-02,dmot_4,12.379732689468334,235.79777618669524
2021-02-18-16-47-02,vbat,70.44331998750641,0.00021982281725045708
2021-02-18-16-48-24,ang_acc_x,19.84123612217528,0.27807024420724297
2021-02-18-16-48-24,ang_acc_y,22.427806968978828,0.20582061183437111
2021-02-18-16-48-24,ang_acc_z,12.503294570017632,0.2109174200353314
2021-02-18-16-48-24,ang_vel_x,38.150630023195575,0.003853085097858343
2021-02-18-16-48-24,ang_vel_y,40.7231513826131,0.002876105624957574
2021-02-18-16-48-24,ang_vel_z,22.01533122276338,0.0027732182125044997
2021-02-18-16-48-24,qx,78.63258507588138,2.3788575422498143e-05
2021-02-18-16-48-24,qy,77.06834709207101,2.833083738177727e-05
2021-02-18-16-48-24,qz,52.45271282199382,2.048026025025349e-05
2021-02-18-16-48-24,qw,75.95555083738776,3.7477514640777306e-06
2021-02-18-16-48-24,acc_x,57.55947141938517,0.0007268048116405454
2021-02-18-16-48-24,acc_y,60.49856748681574,0.0006133589026257903
2021-02-18-16-48-24,acc_z,91.72931872397454,9.919660927747777e-05
2021-02-18-16-48-24,vel_x,79.36751178575182,0.00010764121101726954
2021-02-18-16-48-24,vel_y,80.35769460091798,9.284997078057839e-05
2021-02-18-16-48-24,vel_z,81.37696128885108,0.00010874534858671467
2021-02-18-16-48-24,pos_x,103.39288679480151,1.0868782520427443e-05
2021-02-18-16-48-24,pos_y,101.52397381063005,1.0265032094812835e-05
2021-02-18-16-48-24,pos_z,91.21597056481832,5.952302648712182e-06
2021-02-18-16-48-24,mot_1,41.38055491634815,1.3202404425795273
2021-02-18-16-48-24,mot_2,42.214679974361204,1.3642570204104718
2021-02-18-16-48-24,mot_3,42.078905760792075,1.3463041335436237
2021-02-18-16-48-24,mot_4,40.5825919026702,1.4189338786535781
2021-02-18-16-48-24,dmot_1,12.401363646166903,227.52818530471774
2021-02-18-16-48-24,dmot_2,12.042336774070394,231.9415025272801
2021-02-18-16-48-24,dmot_3,11.746498651452121,233.22753526584145
2021-02-18-16-48-24,dmot_4,12.225099953875011,244.55636419967982
2021-02-18-16-48-24,vbat,70.20704176065465,0.00019433634725342868
2021-02-18-16-53-35,ang_acc_x,22.194355088186853,0.37834697135063866
2021-02-18-16-53-35,ang_acc_y,24.38433496923792,0.24434676018297724
2021-02-18-16-53-35,ang_acc_z,13.60082845086685,0.23334863148769672
2021-02-18-16-53-35,ang_vel_x,38.25602312644889,0.005098155460181088
2021-02-18-16-53-35,ang_vel_y,40.81659789934147,0.0033840360013293125
2021-02-18-16-53-35,ang_vel_z,22.077170734646636,0.003111764041365017
2021-02-18-16-53-35,qx,78.61572671544984,2.4416041134893802e-05
2021-02-18-16-53-35,qy,76.86298058128352,3.064210208203021e-05
2021-02-18-16-53-35,qz,58.97803473669306,2.1887085347083078e-05
2021-02-18-16-53-35,qw,73.78879161499239,4.680138677678824e-06
2021-02-18-16-53-35,acc_x,56.80064146233629,0.0008218132024718458
2021-02-18-16-53-35,acc_y,59.27090544764904,0.0006449228987199363
2021-02-18-16-53-35,acc_z,83.04983338183162,9.82392738728521e-05
2021-02-18-16-53-35,vel_x,77.62642930643375,0.00012585694260538278
2021-02-18-16-53-35,vel_y,79.3157549221363,0.00010270439525607917
2021-02-18-16-53-35,vel_z,79.34136336692167,0.00011312062015278029
2021-02-18-16-53-35,pos_x,100.98067017324135,1.4400103326776879e-05
2021-02-18-16-53-35,pos_y,99.7814972375368,1.337412672678102e-05
2021-02-18-16-53-35,pos_z,93.17435824916046,6.1284938764697646e-06
2021-02-18-16-53-35,mot_1,40.2767405909917,1.51111751443153
2021-02-18-16-53-35,mot_2,42.24035111216044,1.465579191070551
2021-02-18-16-53-35,mot_3,42.236389598518755,1.4938412490439426
2021-02-18-16-53-35,mot_4,40.41911460572329,1.6143665664809606
2021-02-18-16-53-35,dmot_1,13.364110311258981,260.82743430877855
2021-02-18-16-53-35,dmot_2,12.584830534304048,250.66590188209906
2021-02-18-16-53-35,dmot_3,12.095510608167183,252.12145788962647
2021-02-18-16-53-35,dmot_4,13.77493977306913,280.2487353254162
2021-02-18-16-53-35,vbat,69.76749547411352,0.00023905583783177917
2021-02-18-16-55-00,ang_acc_x,21.635394886468802,0.30925671794879434
2021-02-18-16-55-00,ang_acc_y,24.893972933047223,0.22222813499595753
2021-02-18-16-55-00,ang_acc_z,13.888380058574132,0.21635624991708616
2021-02-18-16-55-00,ang_vel_x,38.0552164271797,0.00411389960323823
2021-02-18-16-55-00,ang_vel_y,40.8803353237841,0.00303086154996137
2021-02-18-16-55-00,ang_vel_z,22.493040794345895,0.002896360672028437
2021-02-18-16-55-00,qx,78.66145194860907,2.3663864310898528e-05
2021-02-18-16-55-00,qy,76.80826803493854,3.0201149015734232e-05
2021-02-18-16-55-00,qz,55.39128941879069,2.2395073777255587e-05
2021-02-18-16-55-00,qw,74.20016854666316,4.464594110550224e-06
2021-02-18-16-55-00,acc_x,56.57724229802707,0.0007959574761854868
2021-02-18-16-55-00,acc_y,59.29906218602235,0.0006150587082077616
2021-02-18-16-55-00,acc_z,90.17663893745961,9.428035943494421e-05
2021-02-18-16-55-00,vel_x,78.32731710752027,0.00012073259616130269
2021-02-18-16-55-00,vel_y,79.88307138103535,9.954589340028681e-05
2021-02-18-16-55-00,vel_z,79.91190516554936,0.00011435644759792246
2021-02-18-16-55-00,pos_x,104.59828484517232,1.291122835981584e-05
2021-02-18-16-55-00,pos_y,104.73254298865811,1.1896419584826211e-05
2021-02-18-16-55-00,pos_z,95.13189950054831,5.986376565946472e-06
2021-02-18-16-55-00,mot_1,40.691685080386,1.4817322938843942
2021-02-18-16-55-00,mot_2,42.10909480392828,1.4770804674677405
2021-02-18-16-55-00,mot_3,42.4417560582948,1.408207811778487
2021-02-18-16-55-00,mot_4,39.98173953879722,1.530677750066732
2021-02-18-16-55-00,dmot_1,13.739997975114367,252.719195772983
2021-02-18-16-55-00,dmot_2,12.126848420392315,256.0910610885655
2021-02-18-16-55-00,dmot_3,12.190315345982114,243.6490139683864
2021-02-18-16-55-00,dmot_4,13.254645197257549,266.90044994835966
2021-02-18-16-55-00,vbat,69.15792695019782,0.0002322576410524732
2021-02-18-17-03-20,ang_acc_x,19.857301481471918,0.17921328486279164
2021-02-18-17-03-20,ang_acc_y,20.273581496347,0.1267429419188108
2021-02-18-17-03-20,ang_acc_z,10.325361619599821,0.15594169922204057
2021-02-18-17-03-20,ang_vel_x,45.75568835051036,0.002372493820151385
2021-02-18-17-03-20,ang_vel_y,40.43192017744923,0.0017082718420525513
2021-02-18-17-03-20,ang_vel_z,35.359798355326646,0.002127395421411019
2021-02-18-17-03-20,qx,74.20870389261299,2.5270528831615123e-05
2021-02-18-17-03-20,qy,68.69187895226295,2.571052917102106e-05
2021-02-18-17-03-20,qz,77.6212637126912,1.8854994257749153e-05
2021-02-18-17-03-20,qw,85.00926579800627,2.3749493774231745e-06
2021-02-18-17-03-20,acc_x,57.56055384467844,0.0005744049365411633
2021-02-18-17-03-20,acc_y,57.562344640218285,0.000507353478820947
2021-02-18-17-03-20,acc_z,70.84864759838571,6.109903157565827e-05
2021-02-18-17-03-20,vel_x,86.46507871870428,4.8279585177352175e-05
2021-02-18-17-03-20,vel_y,86.17126336167601,4.4107660974430174e-05
2021-02-18-17-03-20,vel_z,74.10445282594263,7.006610008495091e-05
2021-02-18-17-03-20,pos_x,100.5063072368946,8.803002642915736e-06
2021-02-18-17-03-20,pos_y,103.2380282428707,7.3700411194608905e-06
2021-02-18-17-03-20,pos_z,92.61937467433046,5.69695887086672e-06
2021-02-18-17-03-20,mot_1,37.81704266167695,0.8731546657710043
2021-02-18-17-03-20,mot_2,39.17104190111436,0.9258799582750807
2021-02-18-17-03-20,mot_3,37.59967578354429,0.8900856131944375
2021-02-18-17-03-20,mot_4,35.784764734589544,0.9409582026451682
2021-02-18-17-03-20,dmot_1,11.492306853613696,150.39914507619687
2021-02-18-17-03-20,dmot_2,11.08371183974741,158.19126309209372
2021-02-18-17-03-20,dmot_3,11.07173237301085,153.35291165813277
2021-02-18-17-03-20,dmot_4,10.48816474976497,162.71579355944766
2021-02-18-17-03-20,vbat,61.72350715127514,7.820288558175719e-05
2021-02-18-17-05-14,ang_acc_x,24.683077791984974,0.23130910100497845
2021-02-18-17-05-14,ang_acc_y,27.601032997219683,0.16125642391671907
2021-02-18-17-05-14,ang_acc_z,12.219793339395018,0.17112381595838902
2021-02-18-17-05-14,ang_vel_x,47.54575494454944,0.0031258905027519894
2021-02-18-17-05-14,ang_vel_y,47.19629077133922,0.0021968948958347645
2021-02-18-17-05-14,ang_vel_z,29.792020051154438,0.002303950857726246
2021-02-18-17-05-14,qx,72.44406613719065,2.342720119220282e-05
2021-02-18-17-05-14,qy,66.60860007332695,2.7720793337174077e-05
2021-02-18-17-05-14,qz,74.7183342277946,1.836639422034372e-05
2021-02-18-17-05-14,qw,77.99741955450182,3.0911128969285714e-06
2021-02-18-17-05-14,acc_x,59.9178921176425,0.0006628925570628696
2021-02-18-17-05-14,acc_y,59.40172401917309,0.0005599655460174403
2021-02-18-17-05-14,acc_z,79.47513587035021,7.334601144856645e-05
2021-02-18-17-05-14,vel_x,79.06214842149399,6.470408847105947e-05
2021-02-18-17-05-14,vel_y,72.51748343895022,5.540040389973934e-05
2021-02-18-17-05-14,vel_z,76.21249668665374,9.077542955840357e-05
2021-02-18-17-05-14,pos_x,92.2231609493638,9.738018536886872e-06
2021-02-18-17-05-14,pos_y,93.41309822835535,7.705910602141108e-06
2021-02-18-17-05-14,pos_z,89.06415843608607,5.696330149785388e-06
2021-02-18-17-05-14,mot_1,41.12998734122138,1.1378155763009083
2021-02-18-17-05-14,mot_2,40.72373961983786,1.2536096334990947
2021-02-18-17-05-14,mot_3,40.16660501065679,1.239712842813669
2021-02-18-17-05-14,mot_4,39.781012518239464,1.1498828495699318
2021-02-18-17-05-14,dmot_1,11.462954401308114,198.6652406920361
2021-02-18-17-05-14,dmot_2,11.203391340258886,217.61613248689787
2021-02-18-17-05-14,dmot_3,11.413416641194548,210.67138721974487
2021-02-18-17-05-14,dmot_4,11.445520769608965,199.30076575354602
2021-02-18-17-05-14,vbat,68.09340762640403,0.00013601961808048485
2021-02-18-17-06-27,ang_acc_x,25.276280262866713,0.22101100241004817
2021-02-18-17-06-27,ang_acc_y,27.63946487519729,0.16012484439334665
2021-02-18-17-06-27,ang_acc_z,12.912462501182521,0.16603416269619029
2021-02-18-17-06-27,ang_vel_x,47.95235479122737,0.002986381894752947
2021-02-18-17-06-27,ang_vel_y,46.99327398315147,0.0022000598136338433
2021-02-18-17-06-27,ang_vel_z,29.522980377300698,0.002265749494355927
2021-02-18-17-06-27,qx,79.06440480654726,2.3354901370805483e-05
2021-02-18-17-06-27,qy,75.17132952326261,2.756039384452556e-05
2021-02-18-17-06-27,qz,74.52377966321875,1.9205471014302505e-05
2021-02-18-17-06-27,qw,77.30399424820727,3.3393715735998474e-06
2021-02-18-17-06-27,acc_x,60.512613174472364,0.0006797213555735867
2021-02-18-17-06-27,acc_y,59.769690348392146,0.0005593937957424114
2021-02-18-17-06-27,acc_z,90.95006483879338,7.31682999015561e-05
2021-02-18-17-06-27,vel_x,84.72623696073099,6.970457956513174e-05
2021-02-18-17-06-27,vel_y,82.64391510359911,6.481131817442795e-05
2021-02-18-17-06-27,vel_z,76.95631035131144,0.00011096376021477353
2021-02-18-17-06-27,pos_x,108.18723089615955,9.821606294163132e-06
2021-02-18-17-06-27,pos_y,101.15644788201935,8.06794323275496e-06
2021-02-18-17-06-27,pos_z,96.22246864542885,5.7383816628682636e-06
2021-02-18-17-06-27,mot_1,40.77357129792077,1.1570556137869548
2021-02-18-17-06-27,mot_2,40.93691445185178,1.2903415444230102
2021-02-18-17-06-27,mot_3,40.05424729417801,1.1832581641067321
2021-02-18-17-06-27,mot_4,39.781581224908486,1.2034135959041437
2021-02-18-17-06-27,dmot_1,11.317931030506267,200.46732880195646
2021-02-18-17-06-27,dmot_2,11.539682586993006,221.9697410085552
2021-02-18-17-06-27,dmot_3,11.712883047324073,205.59153117474057
2021-02-18-17-06-27,dmot_4,11.57214806522023,208.40206453957472
2021-02-18-17-06-27,vbat,70.13810996042936,0.00017834587896477388
2021-02-18-17-09-50,ang_acc_x,26.427678976726362,0.32832994185186426
2021-02-18-17-09-50,ang_acc_y,30.207046368721496,0.2333820601564402
2021-02-18-17-09-50,ang_acc_z,16.717215682470176,0.2160235018027654
2021-02-18-17-09-50,ang_vel_x,42.09350192371231,0.004382072960348704
2021-02-18-17-09-50,ang_vel_y,43.64889729529756,0.0031231103934197505
2021-02-18-17-09-50,ang_vel_z,30.174424213626448,0.0029042363576404885
2021-02-18-17-09-50,qx,76.82562668904322,2.809833496189409e-05
2021-02-18-17-09-50,qy,74.62606149852942,3.369900086408923e-05
2021-02-18-17-09-50,qz,75.32539979023609,2.350446903668785e-05
2021-02-18-17-09-50,qw,71.84939558512588,5.661037623048792e-06
2021-02-18-17-09-50,acc_x,57.196669435777096,0.0009302463366248875
2021-02-18-17-09-50,acc_y,56.668631848657434,0.0007599610471175085
2021-02-18-17-09-50,acc_z,83.95054070559627,0.0001061981169394203
2021-02-18-17-09-50,vel_x,76.5527090372228,0.00010412598526552509
2021-02-18-17-09-50,vel_y,76.45788721033614,9.070496839624215e-05
2021-02-18-17-09-50,vel_z,74.03519700142422,0.00017172362123647818
2021-02-18-17-09-50,pos_x,106.1358911562763,1.1587680022983959e-05
2021-02-18-17-09-50,pos_y,99.97063272826848,9.56857800169144e-06
2021-02-18-17-09-50,pos_z,94.60353438255773,6.6522298061773004e-06
2021-02-18-17-09-50,mot_1,39.056960783518136,1.503458581859777
2021-02-18-17-09-50,mot_2,39.59179270159251,1.847600508568023
2021-02-18-17-09-50,mot_3,38.732492747934685,1.5025566943062136
2021-02-18-17-09-50,mot_4,37.246852303744625,1.6685265818177237
2021-02-18-17-09-50,dmot_1,14.576362164212277,258.5925574829105
2021-02-18-17-09-50,dmot_2,13.38133171860269,320.99262820156525
2021-02-18-17-09-50,dmot_3,13.0129102595433,265.8027842561221
2021-02-18-17-09-50,dmot_4,14.60594787270933,289.0341932694962
2021-02-18-17-09-50,vbat,68.95566485441084,0.00022394061438105268
2021-02-18-17-12-03,ang_acc_x,26.842272482089445,0.28351409662966165
2021-02-18-17-12-03,ang_acc_y,31.079819410420892,0.1890682277403896
2021-02-18-17-12-03,ang_acc_z,14.629853347827835,0.20610807299985648
2021-02-18-17-12-03,ang_vel_x,45.908190902775615,0.0038166054244796587
2021-02-18-17-12-03,ang_vel_y,46.0363270537519,0.0025929063733280645
2021-02-18-17-12-03,ang_vel_z,29.991194371859375,0.002816856548510725
2021-02-18-17-12-03,qx,78.80591784552155,2.5110248359528634e-05
2021-02-18-17-12-03,qy,75.7738444182345,2.827255812102699e-05
2021-02-18-17-12-03,qz,75.38655233447774,2.1633208147535674e-05
2021-02-18-17-12-03,qw,75.15953932920614,4.234512246273958e-06
2021-02-18-17-12-03,acc_x,59.73027881994209,0.0007516176066522231
2021-02-18-17-12-03,acc_y,59.45071609445735,0.0006668409277578427
2021-02-18-17-12-03,acc_z,89.60177754262263,8.91822671690793e-05
2021-02-18-17-12-03,vel_x,80.43894300025654,8.370187858421287e-05
2021-02-18-17-12-03,vel_y,79.74925378819847,7.450592806948389e-05
2021-02-18-17-12-03,vel_z,76.18034490824128,0.00013847660728062778
2021-02-18-17-12-03,pos_x,108.62363125803164,1.0607457236566153e-05
2021-02-18-17-12-03,pos_y,101.56129481241692,9.106655816755604e-06
2021-02-18-17-12-03,pos_z,93.93870640117649,5.961556021044556e-06
2021-02-18-17-12-03,mot_1,40.178223528313,1.3077498741996743
2021-02-18-17-12-03,mot_2,40.90585135136535,1.5408448331059366
2021-02-18-17-12-03,mot_3,39.887406677438356,1.3823987026138524
2021-02-18-17-12-03,mot_4,39.14062066571171,1.3959760240778065
2021-02-18-17-12-03,dmot_1,13.05803842825611,228.96930945430262
2021-02-18-17-12-03,dmot_2,13.401369631002328,264.1379051505205
2021-02-18-17-12-03,dmot_3,13.994983854086012,236.10839357073212
2021-02-18-17-12-03,dmot_4,13.656523337608359,238.27208921803913
2021-02-18-17-12-03,vbat,69.7825879432886,0.00014179786228735907
2021-02-18-17-19-08,ang_acc_x,23.822398062981524,0.35227714752756406
2021-02-18-17-19-08,ang_acc_y,29.386365607390644,0.19999722287090616
2021-02-18-17-19-08,ang_acc_z,12.122232145506665,0.1847191171336551
2021-02-18-17-19-08,ang_vel_x,39.604789548550684,0.004803602358216187
2021-02-18-17-19-08,ang_vel_y,49.016043033360496,0.0026931102605465282
2021-02-18-17-19-08,ang_vel_z,31.082407781893732,0.002566079759328969
2021-02-18-17-19-08,qx,75.0335093858783,2.3444008607959832e-05
2021-02-18-17-19-08,qy,76.8104381300329,2.7016072031473437e-05
2021-02-18-17-19-08,qz,80.41229950145095,1.9332227536301958e-05
2021-02-18-17-19-08,qw,78.2323042755421,6.853636075533775e-06
2021-02-18-17-19-08,acc_x,62.34423772548947,0.0007579567149154891
2021-02-18-17-19-08,acc_y,61.46833671716486,0.0006045793986154828
2021-02-18-17-19-08,acc_z,72.65431345510291,0.00011587319242502083
2021-02-18-17-19-08,vel_x,83.97678634373807,0.00012764950024469766
2021-02-18-17-19-08,vel_y,80.452042976653,0.00011438581516160854
2021-02-18-17-19-08,vel_z,75.65099744333071,0.00018829171328983886
2021-02-18-17-19-08,pos_x,105.32231907393346,1.0142955903193494e-05
2021-02-18-17-19-08,pos_y,101.21782031353487,9.725469874597924e-06
2021-02-18-17-19-08,pos_z,83.17406409158696,7.404169391292603e-06
2021-02-18-17-19-08,mot_1,37.7212641881057,1.489483444150699
2021-02-18-17-19-08,mot_2,38.25505299749824,1.5269501286512748
2021-02-18-17-19-08,mot_3,37.132163081981616,1.4795315505295852
2021-02-18-17-19-08,mot_4,38.52497352050448,1.6658281623645341
2021-02-18-17-19-08,dmot_1,13.265958134254486,256.70765866005837
2021-02-18-17-19-08,dmot_2,13.32692846353172,266.8827925966475
2021-02-18-17-19-08,dmot_3,13.45702134533804,254.0790378288334
2021-02-18-17-19-08,dmot_4,13.095748870717319,282.88993796705154
2021-02-18-17-19-08,vbat,61.202176250452325,0.0002179777634383754
2021-02-18-17-20-37,ang_acc_x,24.27430488547548,0.3462044750179535
2021-02-18-17-20-37,ang_acc_y,28.417397314672744,0.22469999969247545
2021-02-18-17-20-37,ang_acc_z,14.374550041409062,0.2140698481616537
2021-02-18-17-20-37,ang_vel_x,41.490165591885045,0.004612535804709892
2021-02-18-17-20-37,ang_vel_y,45.88242691824917,0.0030601615817235565
2021-02-18-17-20-37,ang_vel_z,32.568287247774286,0.002760593660607347
2021-02-18-17-20-37,qx,77.99777974456096,2.690395347163472e-05
2021-02-18-17-20-37,qy,78.64974994715745,2.7958094937747746e-05
2021-02-18-17-20-37,qz,81.4582340624317,2.178810918405674e-05
2021-02-18-17-20-37,qw,79.88902537686477,5.6044683017377636e-06
2021-02-18-17-20-37,acc_x,60.538488716864336,0.0008492666488278291
2021-02-18-17-20-37,acc_y,61.7267855813525,0.0007836297041291025
2021-02-18-17-20-37,acc_z,86.53664118135303,0.00011133021657571208
2021-02-18-17-20-37,vel_x,80.10678758899925,0.00010723449775659043
2021-02-18-17-20-37,vel_y,80.535718021832,9.973334274340138e-05
2021-02-18-17-20-37,vel_z,74.64794691361688,0.0001427459426533897
2021-02-18-17-20-37,pos_x,108.70304956971182,1.0635339930777653e-05
2021-02-18-17-20-37,pos_y,106.39208045017423,9.876224225445828e-06
2021-02-18-17-20-37,pos_z,99.42943031011139,7.717520936915667e-06
2021-02-18-17-20-37,mot_1,38.51951369596549,1.6333720010880382
2021-02-18-17-20-37,mot_2,38.76908807882475,1.7885326566213369
2021-02-18-17-20-37,mot_3,38.46510389535017,1.6890670702936046
2021-02-18-17-20-37,mot_4,38.425891507208696,1.8092278656240457
2021-02-18-17-20-37,dmot_1,11.96545627308107,275.46229354216024
2021-02-18-17-20-37,dmot_2,12.71166705207345,308.54299512598004
2021-02-18-17-20-37,dmot_3,12.771762818791558,286.317606046584
2021-02-18-17-20-37,dmot_4,11.483995226166595,311.9241859853081
2021-02-18-17-20-37,vbat,73.8013920336402,0.00023046792871170963
2021-02-18-17-26-00,ang_acc_x,24.83476611844138,0.48804661849228387
2021-02-18-17-26-00,ang_acc_y,27.877282457946905,0.3305189957391775
2021-02-18-17-26-00,ang_acc_z,15.81739573447278,0.24819496169963612
2021-02-18-17-26-00,ang_vel_x,42.40852425383109,0.006281169225884391
2021-02-18-17-26-00,ang_vel_y,46.05875828193184,0.004453705713543899
2021-02-18-17-26-00,ang_vel_z,33.95472834194213,0.0033097703147761306
2021-02-18-17-26-00,qx,78.93292425717773,2.7510717104588607e-05
2021-02-18-17-26-00,qy,79.57057609046495,3.080842573817255e-05
2021-02-18-17-26-00,qz,82.45354996026032,2.3738844159114686e-05
2021-02-18-17-26-00,qw,78.17518527002528,1.340504900357835e-05
2021-02-18-17-26-00,acc_x,60.56483550966372,0.0012397888798192438
2021-02-18-17-26-00,acc_y,61.348766914955476,0.0010279034224070702
2021-02-18-17-26-00,acc_z,84.36145782420473,0.00018282314167988395
2021-02-18-17-26-00,vel_x,80.14559325817154,0.0002226669688314146
2021-02-18-17-26-00,vel_y,80.67601875288292,0.00017455121505878163
2021-02-18-17-26-00,vel_z,74.51552106748908,0.0003373159811530597
2021-02-18-17-26-00,pos_x,106.72720174045304,1.565326629681083e-05
2021-02-18-17-26-00,pos_y,105.71881710025609,1.4079208845384727e-05
2021-02-18-17-26-00,pos_z,97.95448812880619,9.121727648923916e-06
2021-02-18-17-26-00,mot_1,37.068880607759425,2.395198324933428
2021-02-18-17-26-00,mot_2,37.65566167891679,2.686623804991275
2021-02-18-17-26-00,mot_3,36.70338628893319,2.5506214450229105
2021-02-18-17-26-00,mot_4,36.760763211326186,3.035591642095313
2021-02-18-17-26-00,dmot_1,12.666365801022433,428.2022517009693
2021-02-18-17-26-00,dmot_2,13.166156120836108,458.8602942576412
2021-02-18-17-26-00,dmot_3,13.273839280762429,439.775713204436
2021-02-18-17-26-00,dmot_4,11.947152364993816,510.76895705871743
2021-02-18-17-26-00,vbat,67.59761609928248,0.0004319524455507462
2021-02-18-17-28-35,ang_acc_x,25.64761864945612,0.36609530383624106
2021-02-18-17-28-35,ang_acc_y,28.18893513338937,0.23612832354341282
2021-02-18-17-28-35,ang_acc_z,15.40739071676613,0.23079002132775592
2021-02-18-17-28-35,ang_vel_x,42.11435201975221,0.0048277473405519125
2021-02-18-17-28-35,ang_vel_y,44.42209897250337,0.0033044481963945167
2021-02-18-17-28-35,ang_vel_z,32.9941244958946,0.0030838577079464395
2021-02-18-17-28-35,qx,77.1488489098855,2.7023981940251697e-05
2021-02-18-17-28-35,qy,78.5692507528732,2.8340091918590235e-05
2021-02-18-17-28-35,qz,81.14438194111645,2.2889736597359385e-05
2021-02-18-17-28-35,qw,82.0656697285264,7.875006219813462e-06
2021-02-18-17-28-35,acc_x,58.4945467647043,0.0009084147425863313
2021-02-18-17-28-35,acc_y,62.07222022456524,0.0007950018508575164
2021-02-18-17-28-35,acc_z,76.94432396118269,0.00013096126238699597
2021-02-18-17-28-35,vel_x,78.03724644844291,9.851595790716125e-05
2021-02-18-17-28-35,vel_y,80.879634869665,0.00010754885634130052
2021-02-18-17-28-35,vel_z,73.59626739069795,0.00015540843513427502
2021-02-18-17-28-35,pos_x,100.1081799145459,1.0780482408895908e-05
2021-02-18-17-28-35,pos_y,105.88144594523396,9.058277791413526e-06
2021-02-18-17-28-35,pos_z,90.51886843712231,7.656137979393174e-06
2021-02-18-17-28-35,mot_1,38.25459752128293,1.7464368297062185
2021-02-18-17-28-35,mot_2,39.10392707346102,2.0130145974272287
2021-02-18-17-28-35,mot_3,39.0746265594142,1.8127483673354552
2021-02-18-17-28-35,mot_4,38.744821548888744,1.8996969274307607
2021-02-18-17-28-35,dmot_1,12.563534847379279,295.2658387629903
2021-02-18-17-28-35,dmot_2,13.18329814175615,344.0203361584645
2021-02-18-17-28-35,dmot_3,13.723534552324644,306.9332903510133
2021-02-18-17-28-35,dmot_4,12.811111178431148,334.7464361098414
2021-02-18-17-28-35,vbat,72.43862398337806,0.00019400891119099412
2021-02-18-17-42-11,ang_acc_x,17.525248222152204,0.25486243080662646
2021-02-18-17-42-11,ang_acc_y,20.678975506324676,0.18038753906910512
2021-02-18-17-42-11,ang_acc_z,10.800748207292106,0.20406447496257046
2021-02-18-17-42-11,ang_vel_x,46.98221364196594,0.003374448462272585
2021-02-18-17-42-11,ang_vel_y,50.53666760655823,0.0024739445346649907
2021-02-18-17-42-11,ang_vel_z,26.007610729596003,0.0026792864558643097
2021-02-18-17-42-11,qx,75.5004152855052,2.4954953559083818e-05
2021-02-18-17-42-11,qy,75.66775014376388,2.719214669524244e-05
2021-02-18-17-42-11,qz,75.97788884297998,2.008995350534719e-05
2021-02-18-17-42-11,qw,84.70988233314124,9.5567444807408e-06
2021-02-18-17-42-11,acc_x,60.768628657341424,0.000809931969378598
2021-02-18-17-42-11,acc_y,61.215196752600036,0.0006741123153329245
2021-02-18-17-42-11,acc_z,89.88759527368174,9.294586917358422e-05
2021-02-18-17-42-11,vel_x,82.23313308103052,7.54484951998392e-05
2021-02-18-17-42-11,vel_y,83.4914956394657,7.407326725479988e-05
2021-02-18-17-42-11,vel_z,67.79484432156967,0.0001159765768030597
2021-02-18-17-42-11,pos_x,97.43601334297068,9.946715117383986e-06
2021-02-18-17-42-11,pos_y,86.14887071974383,9.268672814197454e-06
2021-02-18-17-42-11,pos_z,97.05810852648267,7.529085989890105e-06
2021-02-18-17-42-11,mot_1,42.30191534813598,1.3969096200052447
2021-02-18-17-42-11,mot_2,42.30423459707545,1.5111875951665714
2021-02-18-17-42-11,mot_3,42.191684928054876,1.4571690606566674
2021-02-18-17-42-11,mot_4,40.80446512972492,1.4045414981004516
2021-02-18-17-42-11,dmot_1,5.613186315567474,239.53403604702248
2021-02-18-17-42-11,dmot_2,6.246654956732307,258.41949666778237
2021-02-18-17-42-11,dmot_3,5.981129086001356,249.9890178604796
2021-02-18-17-42-11,dmot_4,4.785772896785516,242.7659356724036
2021-02-18-17-42-11,vbat,75.03822812875265,0.00011412843977561805
2021-02-18-17-44-17,ang_acc_x,17.90978679592403,0.2643788968591507
2021-02-18-17-44-17,ang_acc_y,21.072612923606385,0.1851428271270236
2021-02-18-17-44-17,ang_acc_z,9.733101250989222,0.20588340508265554
2021-02-18-17-44-17,ang_vel_x,47.71575767464118,0.0036527112832948246
2021-02-18-17-44-17,ang_vel_y,50.695758853019484,0.0025573163470519306
2021-02-18-17-44-17,ang_vel_z,30.613405606838757,0.0027436598341500245
2021-02-18-17-44-17,qx,80.03475462222731,2.4107041168056e-05
2021-02-18-17-44-17,qy,79.56425518167694,2.4550743294652045e-05
2021-02-18-17-44-17,qz,87.46133866366016,1.7779295888881563e-05
2021-02-18-17-44-17,qw,91.50789712749156,1.0392787455194851e-05
2021-02-18-17-44-17,acc_x,61.31821468374186,0.0007699246852725015
2021-02-18-17-44-17,acc_y,61.850169950013424,0.0006645669127495648
2021-02-18-17-44-17,acc_z,92.81768126582642,8.814363663728065e-05
2021-02-18-17-44-17,vel_x,86.03480137245802,8.072402767855538e-05
2021-02-18-17-44-17,vel_y,86.72949038841818,7.496387820329408e-05
2021-02-18-17-44-17,vel_z,67.80513212379958,0.00013913581588510007
2021-02-18-17-44-17,pos_x,101.95605058080591,8.925734848198007e-06
2021-02-18-17-44-17,pos_y,101.95248042590123,9.619873243918108e-06
2021-02-18-17-44-17,pos_z,101.67670871329703,6.987044942517517e-06
2021-02-18-17-44-17,mot_1,41.58651201326517,1.4369005128568622
2021-02-18-17-44-17,mot_2,41.74163096199742,1.5903040863855917
2021-02-18-17-44-17,mot_3,41.65672136596237,1.5854013310280122
2021-02-18-17-44-17,mot_4,41.11994347472464,1.5910696136888571
2021-02-18-17-44-17,dmot_1,4.796277134704,245.31102070181382
2021-02-18-17-44-17,dmot_2,5.481576225720942,275.73911760916565
2021-02-18-17-44-17,dmot_3,5.713068596885749,273.2276080449497
2021-02-18-17-44-17,dmot_4,5.078064337191538,276.98316720598245
2021-02-18-17-44-17,vbat,82.3271073199986,0.00011519662854749412
2021-02-18-17-47-42,ang_acc_x,16.776186140399435,0.25321818693999626
2021-02-18-17-47-42,ang_acc_y,18.70624252864555,0.1850188137405011
2021-02-18-17-47-42,ang_acc_z,9.334479544950234,0.2095630364589988
2021-02-18-17-47-42,ang_vel_x,47.16088749405658,0.0034259201727811425
2021-02-18-17-47-42,ang_vel_y,49.455459154412544,0.0025692523934960168
2021-02-18-17-47-42,ang_vel_z,24.827310049989016,0.002774069110934713
2021-02-18-17-47-42,qx,79.46399400782127,2.570060324172249e-05
2021-02-18-17-47-42,qy,79.14508364164588,2.6384680027186505e-05
2021-02-18-17-47-42,qz,87.50324961119654,1.781580024444744e-05
2021-02-18-17-47-42,qw,89.7314010202893,1.1602747252066692e-05
2021-02-18-17-47-42,acc_x,61.54634104086769,0.0008481370177667314
2021-02-18-17-47-42,acc_y,62.27687829477076,0.0007140768146617997
2021-02-18-17-47-42,acc_z,90.63491799603017,0.00010185475426480401
2021-02-18-17-47-42,vel_x,85.6928797629534,7.722923102679057e-05
2021-02-18-17-47-42,vel_y,86.58195652268523,8.015849046204427e-05
2021-02-18-17-47-42,vel_z,67.63027696555557,0.00014366681867627456
2021-02-18-17-47-42,pos_x,103.19377345096241,1.0483341582924943e-05
2021-02-18-17-47-42,pos_y,102.80504380061018,1.0668160609775823e-05
2021-02-18-17-47-42,pos_z,101.08819273134793,8.372820900030574e-06
2021-02-18-17-47-42,mot_1,41.89374556894577,1.3963902035737186
2021-02-18-17-47-42,mot_2,41.98378639312377,1.59316575475207
2021-02-18-17-47-42,mot_3,41.95443608597276,1.5191253835114613
2021-02-18-17-47-42,mot_4,40.41297653913958,1.4740403753583038
2021-02-18-17-47-42,dmot_1,5.317545486350239,241.8018841329718
2021-02-18-17-47-42,dmot_2,5.599139309578773,275.151490833028
2021-02-18-17-47-42,dmot_3,5.833130592846717,263.3987608078582
2021-02-18-17-47-42,dmot_4,5.028762487132399,255.47560529332873
2021-02-18-17-47-42,vbat,83.92709801076322,0.00012118958702575923
2021-02-18-17-48-50,ang_acc_x,16.899347863749142,0.25913011041429257
2021-02-18-17-48-50,ang_acc_y,18.599260733843707,0.1978646608944185
2021-02-18-17-48-50,ang_acc_z,9.538616224889163,0.20879884740358112
2021-02-18-17-48-50,ang_vel_x,46.84499627867702,0.0035111592175506756
2021-02-18-17-48-50,ang_vel_y,48.69454819751339,0.0027881307149366912
2021-02-18-17-48-50,ang_vel_z,34.83233113623386,0.0028438118875784434
2021-02-18-17-48-50,qx,70.84638146612592,2.5115120003497485e-05
2021-02-18-17-48-50,qy,71.44611769034357,2.772105979322487e-05
2021-02-18-17-48-50,qz,79.76577824695183,1.8704336980513656e-05
2021-02-18-17-48-50,qw,88.49148267207921,1.4949056479549182e-05
2021-02-18-17-48-50,acc_x,61.01028143121988,0.0008675380801298979
2021-02-18-17-48-50,acc_y,61.79355861211411,0.0007461889153086989
2021-02-18-17-48-50,acc_z,90.52532027188698,0.00010982080312219118
2021-02-18-17-48-50,vel_x,84.7078977426957,8.540563114817338e-05
2021-02-18-17-48-50,vel_y,77.05903860489992,9.053933639438184e-05
2021-02-18-17-48-50,vel_z,66.34913734381504,0.00015790458096563711
2021-02-18-17-48-50,pos_x,85.89992134442495,9.828315575250634e-06
2021-02-18-17-48-50,pos_y,92.60743731683073,1.0876893132528042e-05
2021-02-18-17-48-50,pos_z,95.65445954906315,7.868465174714068e-06
2021-02-18-17-48-50,mot_1,42.624063029111824,1.3897066534801674
2021-02-18-17-48-50,mot_2,42.253409242845585,1.5970243088933842
2021-02-18-17-48-50,mot_3,41.98532077704349,1.578637531970029
2021-02-18-17-48-50,mot_4,41.06694514489373,1.5916879472457006
2021-02-18-17-48-50,dmot_1,5.265765181358067,243.385789854432
2021-02-18-17-48-50,dmot_2,4.937976337994276,274.1457668824404
2021-02-18-17-48-50,dmot_3,5.2125074881915925,278.5583643463654
2021-02-18-17-48-50,dmot_4,4.44211762925795,276.7779841571772
2021-02-18-17-48-50,vbat,75.12095075266613,0.00011559398495348318
2021-02-18-18-02-03,ang_acc_x,16.66721199087045,0.28338281687825456
2021-02-18-18-02-03,ang_acc_y,19.635562792613488,0.1838847129366625
2021-02-18-18-02-03,ang_acc_z,10.307583106537042,0.20534992965521018
2021-02-18-18-02-03,ang_vel_x,46.81403324509528,0.003732127285486826
2021-02-18-18-02-03,ang_vel_y,49.68710439337872,0.002546703492879654
2021-02-18-18-02-03,ang_vel_z,26.207291676420038,0.0027299899695181883
2021-02-18-18-02-03,qx,80.58676005158416,2.3583665678482447e-05
2021-02-18-18-02-03,qy,80.06111966154671,2.576186859197472e-05
2021-02-18-18-02-03,qz,88.14356229368236,1.701717238868326e-05
2021-02-18-18-02-03,qw,91.37811407951644,1.0228632878797494e-05
2021-02-18-18-02-03,acc_x,62.72291672580964,0.0008030835723470183
2021-02-18-18-02-03,acc_y,63.66928083633046,0.0006748547746906683
2021-02-18-18-02-03,acc_z,92.36557077937142,0.00010083938558803104
2021-02-18-18-02-03,vel_x,86.16179081026593,9.903476614873418e-05
2021-02-18-18-02-03,vel_y,86.92192699057927,9.350249240866166e-05
2021-02-18-18-02-03,vel_z,68.30464634491074,0.00018095422853866728
2021-02-18-18-02-03,pos_x,102.23392551601505,1.1647402737894e-05
2021-02-18-18-02-03,pos_y,103.53021305525836,1.175303947929409e-05
2021-02-18-18-02-03,pos_z,101.37615820864136,8.011408535733499e-06
2021-02-18-18-02-03,mot_1,41.73506424277423,1.4936052699307951
2021-02-18-18-02-03,mot_2,42.166236342978024,1.6318324355383353
2021-02-18-18-02-03,mot_3,41.48656863679136,1.5818440183222753
2021-02-18-18-02-03,mot_4,40.30134445810418,1.5368882237793773
2021-02-18-18-02-03,dmot_1,4.792809046365175,256.2233872031112
2021-02-18-18-02-03,dmot_2,5.446075607223553,276.2879937198121
2021-02-18-18-02-03,dmot_3,4.882839353781178,269.38773831948527
2021-02-18-18-02-03,dmot_4,4.163838725988088,267.5752985242239
2021-02-18-18-02-03,vbat,83.74238203199872,0.0001508726339959196
2021-02-18-18-03-06,ang_acc_x,18.80189013828278,0.2759252441661344
2021-02-18-18-03-06,ang_acc_y,22.737273467150494,0.18916361162831435
2021-02-18-18-03-06,ang_acc_z,11.242492837620395,0.22279326802163574
2021-02-18-18-03-06,ang_vel_x,47.061070665368405,0.003755701087305791
2021-02-18-18-03-06,ang_vel_y,49.530594917994904,0.002685629931974828
2021-02-18-18-03-06,ang_vel_z,35.79595433491396,0.002962095240217811
2021-02-18-18-03-06,qx,69.71730507252684,2.5254746400247665e-05
2021-02-18-18-03-06,qy,73.88649237881307,2.3240760679655588e-05
2021-02-18-18-03-06,qz,89.1139284388255,1.7352582065630194e-05
2021-02-18-18-03-06,qw,89.71393086888001,1.4074558051658592e-05
2021-02-18-18-03-06,acc_x,61.894535537125286,0.0008465603644953534
2021-02-18-18-03-06,acc_y,63.620750297504536,0.0007379253713464914
2021-02-18-18-03-06,acc_z,87.65960783865941,0.0001069638421523754
2021-02-18-18-03-06,vel_x,74.30839093803004,0.00010807101807925557
2021-02-18-18-03-06,vel_y,86.80766258893445,9.931366437322208e-05
2021-02-18-18-03-06,vel_z,67.68109370997769,0.00017332476705381726
2021-02-18-18-03-06,pos_x,90.7110798949914,1.110602228779549e-05
2021-02-18-18-03-06,pos_y,84.7863763125174,1.1646981659108224e-05
2021-02-18-18-03-06,pos_z,100.9835210363474,8.091613001612035e-06
2021-02-18-18-03-06,mot_1,42.15152089022958,1.6127000686586621
2021-02-18-18-03-06,mot_2,42.335529927409034,1.6369385526891356
2021-02-18-18-03-06,mot_3,41.82649165382364,1.7094706454283473
2021-02-18-18-03-06,mot_4,40.84534271193604,1.6860111057685732
2021-02-18-18-03-06,dmot_1,5.8049889912590995,278.11564740691995
2021-02-18-18-03-06,dmot_2,6.4461478717061595,281.91456871844974
2021-02-18-18-03-06,dmot_3,5.9328395547366375,290.7962585045341
2021-02-18-18-03-06,dmot_4,5.314924933770209,291.5252619873693
2021-02-18-18-03-06,vbat,76.9265290955246,0.00015831434838750055
2021-02-18-18-08-45,ang_acc_x,17.3190798430904,0.2872345748052619
2021-02-18-18-08-45,ang_acc_y,19.790995418998076,0.19665474047284698
2021-02-18-18-08-45,ang_acc_z,11.149010195013389,0.1956719755337855
2021-02-18-18-08-45,ang_vel_x,46.31257272536239,0.003916035206746335
2021-02-18-18-08-45,ang_vel_y,48.938700314554396,0.0027095095157319725
2021-02-18-18-08-45,ang_vel_z,26.01938803503979,0.0026355155672369503
2021-02-18-18-08-45,qx,80.32681339026084,2.4012489877586728e-05
2021-02-18-18-08-45,qy,80.12547667694864,2.5148900395593398e-05
2021-02-18-18-08-45,qz,86.12947154280972,1.9223929630465125e-05
2021-02-18-18-08-45,qw,94.07233070956076,8.082479301243778e-06
2021-02-18-18-08-45,acc_x,62.561909257322164,0.0008406298545613722
2021-02-18-18-08-45,acc_y,63.8875552067382,0.0006830244919623892
2021-02-18-18-08-45,acc_z,91.01263398290898,0.00011238815872798415
2021-02-18-18-08-45,vel_x,86.37229773872974,0.00010801145704438303
2021-02-18-18-08-45,vel_y,87.23102603013926,0.00011125289276527272
2021-02-18-18-08-45,vel_z,67.55524014452169,0.00022901158241784062
2021-02-18-18-08-45,pos_x,103.7340676213796,1.346899502186467e-05
2021-02-18-18-08-45,pos_y,102.90047622937321,1.2984917024811731e-05
2021-02-18-18-08-45,pos_z,101.59467722080167,8.302009585930814e-06
2021-02-18-18-08-45,mot_1,41.65586122857026,1.5351787215313906
2021-02-18-18-08-45,mot_2,42.15744900950124,1.6203597816387998
2021-02-18-18-08-45,mot_3,41.339628229070264,1.571514386087807
2021-02-18-18-08-45,mot_4,40.18699745232019,1.627726804722728
2021-02-18-18-08-45,dmot_1,5.206338961057037,270.6839717585752
2021-02-18-18-08-45,dmot_2,5.732912162083946,280.65012353041993
2021-02-18-18-08-45,dmot_3,5.096093773739673,274.2303592322452
2021-02-18-18-08-45,dmot_4,4.687253552691476,281.8725857291138
2021-02-18-18-08-45,vbat,84.80610180311153,0.0001364667334277783
2021-02-18-18-09-47,ang_acc_x,16.984858124541223,0.281571389741254
2021-02-18-18-09-47,ang_acc_y,19.193584063295898,0.18685409640524972
2021-02-18-18-09-47,ang_acc_z,11.174058894450079,0.19772415731036783
2021-02-18-18-09-47,ang_vel_x,46.35222409214446,0.003720974470569899
2021-02-18-18-09-47,ang_vel_y,49.29444584560911,0.0026046645754251533
2021-02-18-18-09-47,ang_vel_z,29.888386306546344,0.002636761513296394
2021-02-18-18-09-47,qx,80.69798078423537,2.233987619775588e-05
2021-02-18-18-09-47,qy,80.27966789254282,2.27127490426314e-05
2021-02-18-18-09-47,qz,87.03865474540585,1.6880591703968596e-05
2021-02-18-18-09-47,qw,94.50759839920278,8.506051205646026e-06
2021-02-18-18-09-47,acc_x,62.890138922305816,0.0007485575873561718
2021-02-18-18-09-47,acc_y,64.4723662634191,0.0006422148160678047
2021-02-18-18-09-47,acc_z,91.35876741693012,0.00010388983530618922
2021-02-18-18-09-47,vel_x,86.59239074704854,9.669163780830399e-05
2021-02-18-18-09-47,vel_y,86.81821729228241,0.00010587394118987278
2021-02-18-18-09-47,vel_z,67.77404432383938,0.00020016759583536535
2021-02-18-18-09-47,pos_x,104.45978209152288,1.0511918448119671e-05
2021-02-18-18-09-47,pos_y,102.75933427525801,1.1291674147718744e-05
2021-02-18-18-09-47,pos_z,102.32870994358039,7.077258726840218e-06
2021-02-18-18-09-47,mot_1,41.97178989173067,1.4394508215987114
2021-02-18-18-09-47,mot_2,42.35887012008446,1.5866477540916282
2021-02-18-18-09-47,mot_3,41.9239669252093,1.5669160792888872
2021-02-18-18-09-47,mot_4,40.700788903778,1.611874056770921
2021-02-18-18-09-47,dmot_1,5.31130163349653,249.1414992326752
2021-02-18-18-09-47,dmot_2,5.6832962251148835,271.6294895571267
2021-02-18-18-09-47,dmot_3,5.717123845155999,267.7376583497069
2021-02-18-18-09-47,dmot_4,4.645571378089924,279.610780261627
2021-02-18-18-09-47,vbat,83.9296755645689,0.00014261882590992057
2021-02-23-10-43-02,ang_acc_x,15.099862500590433,0.19202877877485103
2021-02-23-10-43-02,ang_acc_y,18.29134170402956,0.12975810341265862
2021-02-23-10-43-02,ang_acc_z,10.573310862830986,0.14534234913327287
2021-02-23-10-43-02,ang_vel_x,26.013666210969106,0.002530072710786987
2021-02-23-10-43-02,ang_vel_y,28.44426620352241,0.001708373326275871
2021-02-23-10-43-02,ang_vel_z,16.35254071938426,0.001977618313654264
2021-02-23-10-43-02,qx,55.07189309992029,2.3200662215524788e-05
2021-02-23-10-43-02,qy,53.25469129262723,2.5239357681314627e-05
2021-02-23-10-43-02,qz,60.6490785079872,1.6684564751414228e-05
2021-02-23-10-43-02,qw,59.029843593329375,8.772697181561262e-07
2021-02-23-10-43-02,acc_x,52.54681666304536,0.0004952559910255301
2021-02-23-10-43-02,acc_y,51.00074677887635,0.00044936385869113386
2021-02-23-10-43-02,acc_z,53.58500574140413,5.9927055471318976e-05
2021-02-23-10-43-02,vel_x,62.97963075193828,2.7552509873981577e-05
2021-02-23-10-43-02,vel_y,67.8433465066505,2.6258453010590335e-05
2021-02-23-10-43-02,vel_z,68.07665556587379,4.9902003657959336e-05
2021-02-23-10-43-02,pos_x,81.2133023223571,6.008875495626287e-06
2021-02-23-10-43-02,pos_y,84.57128104352381,5.105551345644643e-06
2021-02-23-10-43-02,pos_z,78.9989233431343,5.737719889114068e-06
2021-02-23-10-43-02,mot_1,33.67145331327461,0.8055053080803198
2021-02-23-10-43-02,mot_2,34.09040624254856,0.9512088354689073
2021-02-23-10-43-02,mot_3,32.594933521039316,0.8521813921598643
2021-02-23-10-43-02,mot_4,34.24852674032063,0.7542435995408009
2021-02-23-10-43-02,dmot_1,8.5601934559314,136.6527442495184
2021-02-23-10-43-02,dmot_2,8.789168245192291,159.62945005795586
2021-02-23-10-43-02,dmot_3,8.694691117639993,145.74490917665148
2021-02-23-10-43-02,dmot_4,7.72318958392596,128.49569837794522
2021-02-23-10-43-02,vbat,51.422008649725896,6.55300930485481e-05
2021-02-23-10-48-03,ang_acc_x,16.954661914089574,0.1626984469264958
2021-02-23-10-48-03,ang_acc_y,18.901435401759613,0.1255238221173066
2021-02-23-10-48-03,ang_acc_z,11.383840295823486,0.13934408041597862
2021-02-23-10-48-03,ang_vel_x,27.08560700536261,0.0021453080554317432
2021-02-23-10-48-03,ang_vel_y,35.75044715719124,0.001715271614042039
2021-02-23-10-48-03,ang_vel_z,16.798519237497455,0.0018580620247489175
2021-02-23-10-48-03,qx,54.643697849544985,2.7098412392204187e-05
2021-02-23-10-48-03,qy,55.44593214843954,2.6716155911140033e-05
2021-02-23-10-48-03,qz,50.717064201761346,1.607027064936615e-05
2021-02-23-10-48-03,qw,61.80733207664454,9.687148374182052e-07
2021-02-23-10-48-03,acc_x,52.08257353653457,0.0005205790812381876
2021-02-23-10-48-03,acc_y,49.89949579899417,0.000526225827876377
2021-02-23-10-48-03,acc_z,57.446815148748,6.800886592800452e-05
2021-02-23-10-48-03,vel_x,62.28277381295925,2.880545296919288e-05
2021-02-23-10-48-03,vel_y,73.51179859832419,2.601205947366607e-05
2021-02-23-10-48-03,vel_z,67.58807014951003,5.3372102274148694e-05
2021-02-23-10-48-03,pos_x,81.5753413719412,5.6570500705007014e-06
2021-02-23-10-48-03,pos_y,86.88516761087755,5.003986876992178e-06
2021-02-23-10-48-03,pos_z,81.45600278717808,6.739229557966286e-06
2021-02-23-10-48-03,mot_1,34.92796154631272,0.8203351213264524
2021-02-23-10-48-03,mot_2,35.92839912730974,0.8765845074611347
2021-02-23-10-48-03,mot_3,34.53684378681107,0.7895807743411032
2021-02-23-10-48-03,mot_4,35.1666921529857,0.8153028231722216
2021-02-23-10-48-03,dmot_1,12.042675822852704,139.03177276749858
2021-02-23-10-48-03,dmot_2,12.17737138894151,146.20517278001822
2021-02-23-10-48-03,dmot_3,12.403326720787815,136.49011194584693
2021-02-23-10-48-03,dmot_4,11.527158642017433,141.8018761595457
2021-02-23-10-48-03,vbat,56.12704999742511,6.862272064514627e-05
2021-02-23-10-50-42,ang_acc_x,19.6248493950747,0.2231783979435139
2021-02-23-10-50-42,ang_acc_y,19.10337009452591,0.15574142691532603
2021-02-23-10-50-42,ang_acc_z,9.601827786513267,0.16475946469465097
2021-02-23-10-50-42,ang_vel_x,44.83721432677717,0.0030055610149480553
2021-02-23-10-50-42,ang_vel_y,40.9497564248761,0.0021435223712075236
2021-02-23-10-50-42,ang_vel_z,26.231219216153782,0.00222046266817669
2021-02-23-10-50-42,qx,66.24905598867959,3.1262648306642975e-05
2021-02-23-10-50-42,qy,66.9005794792576,3.152626980118759e-05
2021-02-23-10-50-42,qz,69.41758480200394,1.8627638811072673e-05
2021-02-23-10-50-42,qw,74.48614817278823,3.3272420554612877e-06
2021-02-23-10-50-42,acc_x,59.52917011732039,0.0007115144028431802
2021-02-23-10-50-42,acc_y,57.52152723986803,0.0006771467471937877
2021-02-23-10-50-42,acc_z,83.01730106730693,9.092708008376071e-05
2021-02-23-10-50-42,vel_x,84.35994196485905,6.73033196175906e-05
2021-02-23-10-50-42,vel_y,83.73455922643659,6.119672894883042e-05
2021-02-23-10-50-42,vel_z,72.81495462997893,0.00012621162380574994
2021-02-23-10-50-42,pos_x,101.13980343912937,7.88104802131233e-06
2021-02-23-10-50-42,pos_y,86.8931651619809,8.280655708890172e-06
2021-02-23-10-50-42,pos_z,90.02872501796902,7.623221297131932e-06
2021-02-23-10-50-42,mot_1,40.13339620448499,1.025555610683291
2021-02-23-10-50-42,mot_2,41.353448908310106,1.0512839401113963
2021-02-23-10-50-42,mot_3,40.261673946333126,0.9683724539384877
2021-02-23-10-50-42,mot_4,38.988385386917095,0.9727634428796278
2021-02-23-10-50-42,dmot_1,8.924622164866813,175.60067506886836
2021-02-23-10-50-42,dmot_2,9.09282910887431,181.74836658694628
2021-02-23-10-50-42,dmot_3,9.057820544953934,168.4683580461773
2021-02-23-10-50-42,dmot_4,9.178342155595448,167.3190095113396
2021-02-23-10-50-42,vbat,63.461276021473026,0.0001260215420825034
2021-02-23-10-52-00,ang_acc_x,18.67562652468376,0.210080285380852
2021-02-23-10-52-00,ang_acc_y,18.964314392237803,0.15799977472291854
2021-02-23-10-52-00,ang_acc_z,10.648835442758422,0.16881629943845874
2021-02-23-10-52-00,ang_vel_x,44.70400142127615,0.0028439439385013147
2021-02-23-10-52-00,ang_vel_y,41.2773927564724,0.0021284766816331772
2021-02-23-10-52-00,ang_vel_z,27.586758763046866,0.002271884648337664
2021-02-23-10-52-00,qx,71.92635343936604,3.011477821633821e-05
2021-02-23-10-52-00,qy,70.41683551174177,2.980283919344814e-05
2021-02-23-10-52-00,qz,68.86788866266919,2.00866809331364e-05
2021-02-23-10-52-00,qw,74.68501919228997,3.631347951862129e-06
2021-02-23-10-52-00,acc_x,60.04128536804874,0.0006633333816909063
2021-02-23-10-52-00,acc_y,58.29295370692007,0.000661482169426759
2021-02-23-10-52-00,acc_z,77.49381453874655,8.437972798118949e-05
2021-02-23-10-52-00,vel_x,85.66114968621812,6.687070474182466e-05
2021-02-23-10-52-00,vel_y,81.32719739696073,6.426976207348895e-05
2021-02-23-10-52-00,vel_z,73.44492093970578,0.00011966292787141872
2021-02-23-10-52-00,pos_x,108.62420877343439,8.266237338174242e-06
2021-02-23-10-52-00,pos_y,100.01476930462417,8.220137240735262e-06
2021-02-23-10-52-00,pos_z,90.8814153106046,7.3606674573834845e-06
2021-02-23-10-52-00,mot_1,40.34298369493037,0.9537694963642049
2021-02-23-10-52-00,mot_2,40.75391538662995,0.9962320683345024
2021-02-23-10-52-00,mot_3,39.459278929857334,1.042257545910466
2021-02-23-10-52-00,mot_4,40.272741084594244,1.0464190499164145
2021-02-23-10-52-00,dmot_1,8.837305165581363,164.7157709477852
2021-02-23-10-52-00,dmot_2,9.26064153484426,169.44864273473038
2021-02-23-10-52-00,dmot_3,9.101894965445961,176.58404655969895
2021-02-23-10-52-00,dmot_4,8.190066203219676,180.70894227508043
2021-02-23-10-52-00,vbat,73.90515525849895,0.00012074363852255486
2021-02-23-11-31-23,ang_acc_x,17.066583450389455,0.1858948086023001
2021-02-23-11-31-23,ang_acc_y,20.41802232565744,0.13430677598009738
2021-02-23-11-31-23,ang_acc_z,10.519324192644508,0.15180897917032526
2021-02-23-11-31-23,ang_vel_x,35.9051682650644,0.002518787600998167
2021-02-23-11-31-23,ang_vel_y,44.96918066651108,0.0018510801303427424
2021-02-23-11-31-23,ang_vel_z,20.47049882959287,0.0020696242984508625
2021-02-23-11-31-23,qx,57.12336771710096,1.8383505185373653e-05
2021-02-23-11-31-23,qy,69.85924680041205,2.2206649047038693e-05
2021-02-23-11-31-23,qz,59.87793099320969,1.7657536701827736e-05
2021-02-23-11-31-23,qw,74.71223382747637,1.42201901903507e-06
2021-02-23-11-31-23,acc_x,58.90855374178686,0.0004453686579548689
2021-02-23-11-31-23,acc_y,58.66406840963624,0.00036782389598722845
2021-02-23-11-31-23,acc_z,62.97708384032302,4.9764172982661134e-05
2021-02-23-11-31-23,vel_x,73.37955036747374,3.828907322711404e-05
2021-02-23-11-31-23,vel_y,58.31978356364245,3.5037852279656365e-05
2021-02-23-11-31-23,vel_z,64.36215221383495,4.4448693842050416e-05
2021-02-23-11-31-23,pos_x,75.08870511344854,6.164678174374138e-06
2021-02-23-11-31-23,pos_y,64.46843989218117,5.992367894072892e-06
2021-02-23-11-31-23,pos_z,65.6820002920533,4.621797070070244e-06
2021-02-23-11-31-23,mot_1,36.7933054653004,0.9337897345287107
2021-02-23-11-31-23,mot_2,38.68233190193195,0.9867070831756578
2021-02-23-11-31-23,mot_3,37.163299770303446,0.8956605456963831
2021-02-23-11-31-23,mot_4,38.58330373877947,0.8363427120601433
2021-02-23-11-31-23,dmot_1,8.828221008706631,160.1609442830729
2021-02-23-11-31-23,dmot_2,8.95835544109126,171.2232191086201
2021-02-23-11-31-23,dmot_3,9.482282050254497,153.5431071097473
2021-02-23-11-31-23,dmot_4,8.624962111162706,145.38487020042714
2021-02-23-11-31-23,vbat,48.53516036403068,8.39392463812544e-05
2021-02-23-11-41-38,ang_acc_x,19.771764437091633,0.20030687565491745
2021-02-23-11-41-38,ang_acc_y,23.529341955072663,0.14271326530163295
2021-02-23-11-41-38,ang_acc_z,11.404705628697,0.14506238574747599
2021-02-23-11-41-38,ang_vel_x,43.735347236786,0.002664344071490962
2021-02-23-11-41-38,ang_vel_y,46.91699697862529,0.0019249023733250653
2021-02-23-11-41-38,ang_vel_z,26.6623742119943,0.0019352255924845376
2021-02-23-11-41-38,qx,67.3950832265223,2.125809521460575e-05
2021-02-23-11-41-38,qy,67.60019494712405,2.3473529318807336e-05
2021-02-23-11-41-38,qz,86.68440979835717,1.048617059166984e-05
2021-02-23-11-41-38,qw,79.22646112726927,6.127808179674088e-06
2021-02-23-11-41-38,acc_x,56.30017625962605,0.00047729948529980624
2021-02-23-11-41-38,acc_y,60.02909769037112,0.0004810045041965594
2021-02-23-11-41-38,acc_z,66.12535135296115,5.7761038204397685e-05
2021-02-23-11-41-38,vel_x,77.87452954581741,4.546775235834236e-05
2021-02-23-11-41-38,vel_y,72.6816916857949,4.353269336269712e-05
2021-02-23-11-41-38,vel_z,73.2016095277013,5.4079395161015524e-05
2021-02-23-11-41-38,pos_x,93.71432475782427,6.144711705591862e-06
2021-02-23-11-41-38,pos_y,82.72143674781226,7.115054380675211e-06
2021-02-23-11-41-38,pos_z,86.55502073243157,5.4091637837820006e-06
2021-02-23-11-41-38,mot_1,40.615245949430886,0.9019753469748508
2021-02-23-11-41-38,mot_2,39.628879959590755,0.9971363960686442
2021-02-23-11-41-38,mot_3,40.35110541048525,0.9141171828680621
2021-02-23-11-41-38,mot_4,40.31168074789502,0.9727247540644113
2021-02-23-11-41-38,dmot_1,8.66349849543765,155.16932256953913
2021-02-23-11-41-38,dmot_2,10.534980521338746,168.48433846056577
2021-02-23-11-41-38,dmot_3,9.262473336816866,156.6071443948364
2021-02-23-11-41-38,dmot_4,8.212810841806832,170.57231229294766
2021-02-23-11-41-38,vbat,56.451889100410604,9.523260601710888e-05
2021-02-23-14-21-48,ang_acc_x,24.02855378890097,0.3130199689148509
2021-02-23-14-21-48,ang_acc_y,27.93131731596577,0.22624229943775037
2021-02-23-14-21-48,ang_acc_z,11.88962511997762,0.21413061733256467
2021-02-23-14-21-48,ang_vel_x,43.69365393356184,0.004273090252088131
2021-02-23-14-21-48,ang_vel_y,44.882826100494256,0.003089789057513354
2021-02-23-14-21-48,ang_vel_z,30.35362485126893,0.002853148300727337
2021-02-23-14-21-48,qx,71.7270290376803,2.342415087727028e-05
2021-02-23-14-21-48,qy,76.67117516841677,2.7896138558819812e-05
2021-02-23-14-21-48,qz,74.71064468932101,1.9400611397469186e-05
2021-02-23-14-21-48,qw,76.664465532769,5.908263403034619e-06
2021-02-23-14-21-48,acc_x,60.774858379563554,0.0008170175753114002
2021-02-23-14-21-48,acc_y,61.4309984883497,0.0006880924312434716
2021-02-23-14-21-48,acc_z,83.85989518261844,9.751884056482431e-05
2021-02-23-14-21-48,vel_x,81.88846927723313,7.951255282845663e-05
2021-02-23-14-21-48,vel_y,80.52501599357421,9.407030320936136e-05
2021-02-23-14-21-48,vel_z,76.77122667567014,0.00015807283593398554
2021-02-23-14-21-48,pos_x,96.4182896813276,8.674267166010185e-06
2021-02-23-14-21-48,pos_y,85.38143434490485,6.405491294228681e-06
2021-02-23-14-21-48,pos_z,78.38774919856662,5.583428567963589e-06
2021-02-23-14-21-48,mot_1,40.539951933902,1.5224877941965
2021-02-23-14-21-48,mot_2,41.11666978789833,1.734406103737568
2021-02-23-14-21-48,mot_3,39.788178682490205,1.6006513644570555
2021-02-23-14-21-48,mot_4,40.026137750211504,1.3931903179800653
2021-02-23-14-21-48,dmot_1,13.374583955485118,260.81787083148885
2021-02-23-14-21-48,dmot_2,11.458011933666718,294.1889204275546
2021-02-23-14-21-48,dmot_3,11.60890283827937,272.4656543469661
2021-02-23-14-21-48,dmot_4,13.363686699911275,241.62597289032576
2021-02-23-14-21-48,vbat,67.04257593223068,0.0002596308989107257
2021-02-23-14-24-07,ang_acc_x,24.387413181716763,0.44804676636715424
2021-02-23-14-24-07,ang_acc_y,28.741603144909522,0.2918846743601783
2021-02-23-14-24-07,ang_acc_z,12.574981541230578,0.24642063072414302
2021-02-23-14-24-07,ang_vel_x,44.7022702078192,0.006057943062807368
2021-02-23-14-24-07,ang_vel_y,45.591081612651756,0.003994914463338144
2021-02-23-14-24-07,ang_vel_z,31.88701288901001,0.0031938924396294134
2021-02-23-14-24-07,qx,80.74863265727336,2.458405986137513e-05
2021-02-23-14-24-07,qy,78.30884162018171,2.7388933471551554e-05
2021-02-23-14-24-07,qz,79.84290569390399,2.0469862524329788e-05
2021-02-23-14-24-07,qw,74.2236477441085,1.0610559920435014e-05
2021-02-23-14-24-07,acc_x,59.239632312429904,0.0009688958036533396
2021-02-23-14-24-07,acc_y,60.96016809038916,0.0007894612026459682
2021-02-23-14-24-07,acc_z,90.13385399221835,0.0001230174607865516
2021-02-23-14-24-07,vel_x,81.50945373789328,0.00017921176829678776
2021-02-23-14-24-07,vel_y,80.494545484028,0.00013238217123136088
2021-02-23-14-24-07,vel_z,77.08783724724566,0.000253169767379607
2021-02-23-14-24-07,pos_x,112.47227111005074,8.39612697562293e-06
2021-02-23-14-24-07,pos_y,104.99452198898337,8.855253396000772e-06
2021-02-23-14-24-07,pos_z,95.18836900239333,5.549203936341596e-06
2021-02-23-14-24-07,mot_1,40.28476263371154,1.8733159259882524
2021-02-23-14-24-07,mot_2,40.01475458284194,2.1302077360863607
2021-02-23-14-24-07,mot_3,39.89987255901965,1.9863908900514273
2021-02-23-14-24-07,mot_4,39.02948660464399,2.2609819607450454
2021-02-23-14-24-07,dmot_1,13.062506035012362,318.91153652752286
2021-02-23-14-24-07,dmot_2,13.059381679389446,365.1102947587975
2021-02-23-14-24-07,dmot_3,12.875150705111384,339.0429914541346
2021-02-23-14-24-07,dmot_4,11.162189189149931,386.9563530608851
2021-02-23-14-24-07,vbat,69.35846735955118,0.00044363895314147893
2021-02-23-14-29-48,ang_acc_x,24.387682344531164,0.47693297894967124
2021-02-23-14-29-48,ang_acc_y,29.189437085171303,0.34369042941666195
2021-02-23-14-29-48,ang_acc_z,14.071674149894163,0.2731534268118353
2021-02-23-14-29-48,ang_vel_x,42.47296253691286,0.006289667378726954
2021-02-23-14-29-48,ang_vel_y,43.852895480929774,0.0047024626480659075
2021-02-23-14-29-48,ang_vel_z,32.49325995390606,0.0035636064853440887
2021-02-23-14-29-48,qx,77.57476490087465,2.4600936836492566e-05
2021-02-23-14-29-48,qy,63.858480479921425,2.7916140080282926e-05
2021-02-23-14-29-48,qz,51.97866434544069,1.949095394306191e-05
2021-02-23-14-29-48,qw,70.91928459233375,9.234707614388093e-06
2021-02-23-14-29-48,acc_x,58.0859096810607,0.0010335428056445464
2021-02-23-14-29-48,acc_y,60.64992278885941,0.0008563808266802918
2021-02-23-14-29-48,acc_z,83.28580361190427,0.00013757215675297126
2021-02-23-14-29-48,vel_x,75.93332073624023,0.00016200277389596943
2021-02-23-14-29-48,vel_y,73.10819661173585,0.00011818301516143292
2021-02-23-14-29-48,vel_z,71.2851891904205,0.00022381904419138343
2021-02-23-14-29-48,pos_x,56.71917497174978,9.32552967182101e-06
2021-02-23-14-29-48,pos_y,62.51703509497741,7.993741508441188e-06
2021-02-23-14-29-48,pos_z,38.81942334763822,5.837866414453785e-06
2021-02-23-14-29-48,mot_1,39.59947671991114,2.198209908672039
2021-02-23-14-29-48,mot_2,39.401961476641596,2.582881592605853
2021-02-23-14-29-48,mot_3,39.31561871151621,2.3180678007691338
2021-02-23-14-29-48,mot_4,37.815484318523914,2.1261779108266534
2021-02-23-14-29-48,dmot_1,13.574516428309057,370.81485252868
2021-02-23-14-29-48,dmot_2,11.23336451497925,436.8232107185524
2021-02-23-14-29-48,dmot_3,11.841773443791242,396.5025661352184
2021-02-23-14-29-48,dmot_4,13.38847916965398,372.85712327507275
2021-02-23-14-29-48,vbat,64.44316775635117,0.0007189993771781189
2021-02-23-14-33-04,ang_acc_x,25.18436021551959,0.5542229989116657
2021-02-23-14-33-04,ang_acc_y,30.332298962482728,0.3650865899095177
2021-02-23-14-33-04,ang_acc_z,13.721273639414573,0.2779626146247605
2021-02-23-14-33-04,ang_vel_x,43.0192449857978,0.0070890160877753045
2021-02-23-14-33-04,ang_vel_y,44.13911230277455,0.005087069435019088
2021-02-23-14-33-04,ang_vel_z,30.9481347558709,0.0038241179898095383
2021-02-23-14-33-04,qx,78.87854291706986,2.6352899370289567e-05
2021-02-23-14-33-04,qy,73.34064544815413,2.879092913670081e-05
2021-02-23-14-33-04,qz,53.561321394614254,2.2926346960291786e-05
2021-02-23-14-33-04,qw,71.00255797756991,9.386358572729913e-06
2021-02-23-14-33-04,acc_x,57.21871002172834,0.0011029714224262482
2021-02-23-14-33-04,acc_y,59.0578980000527,0.0009565185628841549
2021-02-23-14-33-04,acc_z,60.873047841540696,0.0001650443819131123
2021-02-23-14-33-04,vel_x,76.44191225835772,0.00020215746538691508
2021-02-23-14-33-04,vel_y,76.32554167533034,0.00014714613124745539
2021-02-23-14-33-04,vel_z,73.04992162908776,0.0002639943073990352
2021-02-23-14-33-04,pos_x,104.62312853066689,9.13299015889848e-06
2021-02-23-14-33-04,pos_y,87.93747680113684,8.633254932579872e-06
2021-02-23-14-33-04,pos_z,37.55120615069035,6.034808634788824e-06
2021-02-23-14-33-04,mot_1,40.08692628931848,2.088996598110904
2021-02-23-14-33-04,mot_2,38.933069208302086,2.3386007164672447
2021-02-23-14-33-04,mot_3,38.83558588370438,2.445280815162886
2021-02-23-14-33-04,mot_4,39.68899052449306,2.543816618881635
2021-02-23-14-33-04,dmot_1,13.554123491023528,345.8002302523104
2021-02-23-14-33-04,dmot_2,14.712717794244767,402.146877967119
2021-02-23-14-33-04,dmot_3,13.670946788615533,421.64003210043285
2021-02-23-14-33-04,dmot_4,12.818043880820532,437.26190073137957
2021-02-23-14-33-04,vbat,58.08942557535771,0.000562981862460964
2021-02-23-14-41-07,ang_acc_x,25.346850041782552,0.35511862509848763
2021-02-23-14-41-07,ang_acc_y,28.702581131910684,0.2658119705205717
2021-02-23-14-41-07,ang_acc_z,15.082684922959837,0.24004026055145206
2021-02-23-14-41-07,ang_vel_x,41.98112717390269,0.004808035132482022
2021-02-23-14-41-07,ang_vel_y,43.15431407580035,0.00362402635033951
2021-02-23-14-41-07,ang_vel_z,31.429175000722758,0.003242956417412494
2021-02-23-14-41-07,qx,77.76307618545525,2.2340996092159527e-05
2021-02-23-14-41-07,qy,76.1789024782459,3.075146348064194e-05
2021-02-23-14-41-07,qz,76.18470666532399,2.0634526330278646e-05
2021-02-23-14-41-07,qw,74.06087223017484,8.741537308349856e-06
2021-02-23-14-41-07,acc_x,57.4111144520186,0.0009289870990675011
2021-02-23-14-41-07,acc_y,60.13283652756137,0.0007423980265664026
2021-02-23-14-41-07,acc_z,83.1758312881111,0.00010911373162431771
2021-02-23-14-41-07,vel_x,77.77126439144153,8.079100167821469e-05
2021-02-23-14-41-07,vel_y,77.0543050148776,9.52772306738775e-05
2021-02-23-14-41-07,vel_z,75.17869161701333,0.00014133874315961687
2021-02-23-14-41-07,pos_x,96.02849193302207,7.721715864024413e-06
2021-02-23-14-41-07,pos_y,89.22514484139326,6.821820595904531e-06
2021-02-23-14-41-07,pos_z,84.14104447571104,5.931246546619173e-06
2021-02-23-14-41-07,mot_1,39.93907456394872,1.6150278219019514
2021-02-23-14-41-07,mot_2,41.25084967681823,1.7258996190166147
2021-02-23-14-41-07,mot_3,41.48970933095792,1.6551122810945333
2021-02-23-14-41-07,mot_4,38.42276274166216,1.4904966455755226
2021-02-23-14-41-07,dmot_1,13.809046537522997,280.4467754535735
2021-02-23-14-41-07,dmot_2,11.50487277129204,294.6845137201273
2021-02-23-14-41-07,dmot_3,12.56069999160805,286.60582803233626
2021-02-23-14-41-07,dmot_4,13.227994026403413,260.63393579464463
2021-02-23-14-41-07,vbat,68.57461789546508,0.00016721204216143518
2021-02-23-17-27-24,ang_acc_x,22.519673046116246,0.4116753148944474
2021-02-23-17-27-24,ang_acc_y,26.842621169463136,0.28716469613013285
2021-02-23-17-27-24,ang_acc_z,14.13698572622933,0.26874398136831296
2021-02-23-17-27-24,ang_vel_x,40.838963166039136,0.005093791284381384
2021-02-23-17-27-24,ang_vel_y,42.07509512799956,0.00387210522301224
2021-02-23-17-27-24,ang_vel_z,32.142587948099,0.0035229340997776247
2021-02-23-17-27-24,qx,61.414265569831805,2.6690797399826504e-05
2021-02-23-17-27-24,qy,68.64642487597268,2.9147012575450278e-05
2021-02-23-17-27-24,qz,62.420879092769766,2.05490273780784e-05
2021-02-23-17-27-24,qw,65.1215900764533,7.531046962451304e-06
2021-02-23-17-27-24,acc_x,59.51211861907889,0.0009250193491234606
2021-02-23-17-27-24,acc_y,59.608262294024186,0.0008990069709080141
2021-02-23-17-27-24,acc_z,80.7635893136545,0.00011302313483721029
2021-02-23-17-27-24,vel_x,77.20183477468362,0.00011394911471415
2021-02-23-17-27-24,vel_y,68.20239677735914,0.00010059061388244288
2021-02-23-17-27-24,vel_z,75.89232423848091,0.00012599345160498415
2021-02-23-17-27-24,pos_x,94.1185632407946,7.516745362708299e-06
2021-02-23-17-27-24,pos_y,80.97456262968414,6.660438927107526e-06
2021-02-23-17-27-24,pos_z,81.18277330902215,5.7892219827972985e-06
2021-02-23-17-27-24,mot_1,41.28931742987028,1.774975299536717
2021-02-23-17-27-24,mot_2,41.32124715724699,2.1364691437118135
2021-02-23-17-27-24,mot_3,40.69834662014745,2.0382387631167966
2021-02-23-17-27-24,mot_4,40.95567019689049,1.4413397772793575
2021-02-23-17-27-24,dmot_1,13.78780576283243,295.52453742862366
2021-02-23-17-27-24,dmot_2,12.1415531623485,349.2045071472186
2021-02-23-17-27-24,dmot_3,12.349060109766103,341.6423413113355
2021-02-23-17-27-24,dmot_4,14.710258672099414,245.56939334280696
2021-02-23-17-27-24,vbat,67.31389249611973,0.0004564559327938752
2021-02-23-17-35-26,ang_acc_x,22.937647693757278,0.39990998233788383
2021-02-23-17-35-26,ang_acc_y,27.364546097087338,0.2948155489605079
2021-02-23-17-35-26,ang_acc_z,13.770127026174476,0.273252707946104
2021-02-23-17-35-26,ang_vel_x,41.5221417178425,0.004999071928788123
2021-02-23-17-35-26,ang_vel_y,42.087247930245326,0.003977040737766149
2021-02-23-17-35-26,ang_vel_z,30.983874216605752,0.003632263795302899
2021-02-23-17-35-26,qx,79.00863021651745,3.004584888538834e-05
2021-02-23-17-35-26,qy,76.95125544705286,2.8827644100321456e-05
2021-02-23-17-35-26,qz,78.10719635406602,2.4207916863826574e-05
2021-02-23-17-35-26,qw,74.38816789692791,1.0762614106686862e-05
2021-02-23-17-35-26,acc_x,59.01523670387284,0.000982776320587833
2021-02-23-17-35-26,acc_y,60.145386482053034,0.0009680740006899166
2021-02-23-17-35-26,acc_z,89.0196299760919,0.00012570973203016215
2021-02-23-17-35-26,vel_x,78.58476836207215,0.00013141575189296042
2021-02-23-17-35-26,vel_y,78.07056363067159,0.00011378558577045922
2021-02-23-17-35-26,vel_z,76.00281355729093,0.00013829143008166483
2021-02-23-17-35-26,pos_x,112.89445756004504,9.162446884849062e-06
2021-02-23-17-35-26,pos_y,105.50553491931811,8.569277406198993e-06
2021-02-23-17-35-26,pos_z,98.4042257587906,6.428470147522258e-06
2021-02-23-17-35-26,mot_1,40.29817291418084,1.8396522578822851
2021-02-23-17-35-26,mot_2,39.79801343304019,1.827818771204159
2021-02-23-17-35-26,mot_3,39.47549195669924,2.023142927797106
2021-02-23-17-35-26,mot_4,41.57320022404667,1.6190917142287538
2021-02-23-17-35-26,dmot_1,12.242613084596975,309.3709320111428
2021-02-23-17-35-26,dmot_2,13.711879413123862,312.1892269126025
2021-02-23-17-35-26,dmot_3,12.397568700221754,346.28582039331354
2021-02-23-17-35-26,dmot_4,12.85810015687861,277.53670546515843
2021-02-23-17-35-26,vbat,69.89523645201973,0.000407736302081625
2021-02-23-17-45-47,ang_acc_x,25.6889656856709,0.20971283791186196
2021-02-23-17-45-47,ang_acc_y,27.207980860463742,0.16676643807942795
2021-02-23-17-45-47,ang_acc_z,12.473576250466412,0.1878669120806278
2021-02-23-17-45-47,ang_vel_x,45.53610769084546,0.0026862835698389788
2021-02-23-17-45-47,ang_vel_y,47.20323011751542,0.0022627246843135037
2021-02-23-17-45-47,ang_vel_z,28.34227441853299,0.0026053014553870583
2021-02-23-17-45-47,qx,69.87497561325314,2.6024294325750055e-05
2021-02-23-17-45-47,qy,68.21557310825352,2.5985441969317328e-05
2021-02-23-17-45-47,qz,87.21300597454655,1.1199727995121651e-05
2021-02-23-17-45-47,qw,86.8869787232854,7.439611177667382e-06
2021-02-23-17-45-47,acc_x,57.098792041199445,0.0006322020717736735
2021-02-23-17-45-47,acc_y,58.96073457820692,0.0005363733567895553
2021-02-23-17-45-47,acc_z,79.95087026763476,6.776165309879544e-05
2021-02-23-17-45-47,vel_x,80.31400587042496,4.40085463791732e-05
2021-02-23-17-45-47,vel_y,77.66462321513384,3.753065296548578e-05
2021-02-23-17-45-47,vel_z,77.57551984081468,5.313836943197598e-05
2021-02-23-17-45-47,pos_x,91.64842063708139,6.0028564610068e-06
2021-02-23-17-45-47,pos_y,84.4962801605154,6.304163799847434e-06
2021-02-23-17-45-47,pos_z,91.23490086892387,5.95578869899569e-06
2021-02-23-17-45-47,mot_1,39.82903547601587,1.008548176569561
2021-02-23-17-45-47,mot_2,39.498377595428984,0.9745629408209956
2021-02-23-17-45-47,mot_3,39.47048775419981,1.1471631148170591
2021-02-23-17-45-47,mot_4,40.107107368257275,0.8461683785472379
2021-02-23-17-45-47,dmot_1,13.897929220237062,172.40913481605662
2021-02-23-17-45-47,dmot_2,13.883670886556,167.40118595884593
2021-02-23-17-45-47,dmot_3,13.97866278486979,197.19273451589913
2021-02-23-17-45-47,dmot_4,14.562485846615003,144.51187296037276
2021-02-23-17-45-47,vbat,63.84982006819448,0.00010262669544238746
2021-02-23-18-38-21,ang_acc_x,25.482893987087984,0.23940685073410967
2021-02-23-18-38-21,ang_acc_y,28.49434526900541,0.1867773679835549
2021-02-23-18-38-21,ang_acc_z,12.524559297534442,0.17839779076848095
2021-02-23-18-38-21,ang_vel_x,47.34109821816034,0.0030701571406681915
2021-02-23-18-38-21,ang_vel_y,49.31529829119781,0.002465362375932478
2021-02-23-18-38-21,ang_vel_z,36.892435393317704,0.002424212050145067
2021-02-23-18-38-21,qx,66.4600513189111,2.7487068665793008e-05
2021-02-23-18-38-21,qy,70.36413981881442,2.8072340323419282e-05
2021-02-23-18-38-21,qz,74.9518026586872,1.1510215255908228e-05
2021-02-23-18-38-21,qw,87.04709373379816,1.225297572313615e-05
2021-02-23-18-38-21,acc_x,58.099574752190634,0.0007244437979190817
2021-02-23-18-38-21,acc_y,58.465002892064106,0.0006131750859661721
2021-02-23-18-38-21,acc_z,78.07005303538003,8.793059855864023e-05
2021-02-23-18-38-21,vel_x,66.79857182115961,8.017165577060928e-05
2021-02-23-18-38-21,vel_y,66.5274473597558,7.408171093411375e-05
2021-02-23-18-38-21,vel_z,74.13947069092804,0.0001234965896790289
2021-02-23-18-38-21,pos_x,62.74958690234955,7.567728602971568e-06
2021-02-23-18-38-21,pos_y,57.91099896042307,7.561135939530539e-06
2021-02-23-18-38-21,pos_z,70.01709261293367,6.338610663346777e-06
2021-02-23-18-38-21,mot_1,40.37721754744829,1.1262257967009717
2021-02-23-18-38-21,mot_2,40.244996201094445,1.165857657793025
2021-02-23-18-38-21,mot_3,39.061119595989936,1.2476417972550569
2021-02-23-18-38-21,mot_4,41.234947624516074,1.0272197882061793
2021-02-23-18-38-21,dmot_1,13.499277336852318,193.4922897720456
2021-02-23-18-38-21,dmot_2,13.032102966818552,197.90751899446863
2021-02-23-18-38-21,dmot_3,12.564751615686236,209.60778325727145
2021-02-23-18-38-21,dmot_4,14.415893785753337,171.95005175702812
2021-02-23-18-38-21,vbat,56.411284190925635,0.00015660250370634683
2021-02-23-18-43-00,ang_acc_x,25.475194114208474,0.2783813646330409
2021-02-23-18-43-00,ang_acc_y,29.165651150352588,0.24508856650995836
2021-02-23-18-43-00,ang_acc_z,13.163762502182932,0.2100721095102401
2021-02-23-18-43-00,ang_vel_x,45.15457932015157,0.003519605964428672
2021-02-23-18-43-00,ang_vel_y,47.43206455044006,0.0032593389870868247
2021-02-23-18-43-00,ang_vel_z,29.433017647634724,0.002785429406776149
2021-02-23-18-43-00,qx,71.6904378208967,2.7016216393055354e-05
2021-02-23-18-43-00,qy,76.24302476809643,3.292539030840797e-05
2021-02-23-18-43-00,qz,77.89978936194697,2.255485893189667e-05
2021-02-23-18-43-00,qw,73.37509265021727,8.560871492208488e-06
2021-02-23-18-43-00,acc_x,57.15845937719386,0.0008277203491770013
2021-02-23-18-43-00,acc_y,57.659081896144414,0.0006631936218334205
2021-02-23-18-43-00,acc_z,76.26339464250522,9.811002401771666e-05
2021-02-23-18-43-00,vel_x,67.80199998387081,9.886886265029925e-05
2021-02-23-18-43-00,vel_y,80.6732003185629,9.307511140466369e-05
2021-02-23-18-43-00,vel_z,76.72813735572193,0.00014968706060760183
2021-02-23-18-43-00,pos_x,61.098484818015855,9.02134200518082e-06
2021-02-23-18-43-00,pos_y,68.51766051954132,8.242014298141576e-06
2021-02-23-18-43-00,pos_z,93.96741293060197,7.041431434476041e-06
2021-02-23-18-43-00,mot_1,38.77778947637868,1.4175550068146061
2021-02-23-18-43-00,mot_2,38.63444960413013,1.3807554445625456
2021-02-23-18-43-00,mot_3,38.68208145669959,1.484373318230782
2021-02-23-18-43-00,mot_4,38.5737927913661,1.294568673631515
2021-02-23-18-43-00,dmot_1,15.3486281614721,241.45584787776542
2021-02-23-18-43-00,dmot_2,14.531059375873356,234.04696901898407
2021-02-23-18-43-00,dmot_3,13.88073586410197,255.49734586789688
2021-02-23-18-43-00,dmot_4,15.778199027067878,220.03538194271718
2021-02-23-18-43-00,vbat,62.9008917497488,0.0002587670487850687
2021-02-23-18-50-03,ang_acc_x,23.926673274011883,0.24218419551479176
2021-02-23-18-50-03,ang_acc_y,24.671643498074857,0.18282216790495612
2021-02-23-18-50-03,ang_acc_z,11.410379761366006,0.17921317281647806
2021-02-23-18-50-03,ang_vel_x,45.945261693117665,0.003095935669050321
2021-02-23-18-50-03,ang_vel_y,47.45722008260519,0.0024482227260349807
2021-02-23-18-50-03,ang_vel_z,25.93186716254035,0.0024317827553723822
2021-02-23-18-50-03,qx,70.91613446951982,2.7705261987328932e-05
2021-02-23-18-50-03,qy,69.9528573139728,3.028460381968261e-05
2021-02-23-18-50-03,qz,84.43958628461172,1.6888487505052184e-05
2021-02-23-18-50-03,qw,82.14030800940849,9.059115961530306e-06
2021-02-23-18-50-03,acc_x,57.77843184360084,0.0006903271457006161
2021-02-23-18-50-03,acc_y,59.286196456513565,0.0006291764929985719
2021-02-23-18-50-03,acc_z,76.09122754369336,8.576235441685362e-05
2021-02-23-18-50-03,vel_x,70.6918932821466,8.20888329969943e-05
2021-02-23-18-50-03,vel_y,67.02524861340763,8.292322202888975e-05
2021-02-23-18-50-03,vel_z,74.11799519391208,0.00013103559130492185
2021-02-23-18-50-03,pos_x,66.85019501248445,7.0740090004353105e-06
2021-02-23-18-50-03,pos_y,64.85107574066208,8.277123908273259e-06
2021-02-23-18-50-03,pos_z,69.46408281147635,6.794016791773583e-06
2021-02-23-18-50-03,mot_1,40.344363662314855,1.074312793080635
2021-02-23-18-50-03,mot_2,41.518483166177724,1.0506348177809082
2021-02-23-18-50-03,mot_3,39.891295698715304,1.1461675146029537
2021-02-23-18-50-03,mot_4,41.312669975961654,0.9610140567758874
2021-02-23-18-50-03,dmot_1,12.86985621375663,182.423522474236
2021-02-23-18-50-03,dmot_2,11.786618758853663,180.19929427235482
2021-02-23-18-50-03,dmot_3,11.802294302443844,196.5637769306945
2021-02-23-18-50-03,dmot_4,13.832162602122636,161.58166907790365
2021-02-23-18-50-03,vbat,64.63778127419663,0.00013066735082744286
2021-02-23-19-04-50,ang_acc_x,25.25816595669351,0.22977399602349177
2021-02-23-19-04-50,ang_acc_y,31.419936605728978,0.24501545117796833
2021-02-23-19-04-50,ang_acc_z,15.438271403725087,0.20042620437676442
2021-02-23-19-04-50,ang_vel_x,40.81067745564237,0.0029813591772598976
2021-02-23-19-04-50,ang_vel_y,48.21130846032392,0.0032515922595697353
2021-02-23-19-04-50,ang_vel_z,25.94581779610989,0.0026412871910312663
2021-02-23-19-04-50,qx,66.3579575074714,2.3154290923833007e-05
2021-02-23-19-04-50,qy,74.36775073178032,2.879826858487454e-05
2021-02-23-19-04-50,qz,69.95557232516636,2.127360113352538e-05
2021-02-23-19-04-50,qw,72.5957473329013,4.110669605893413e-06
2021-02-23-19-04-50,acc_x,59.7472584961081,0.0006786841695165437
2021-02-23-19-04-50,acc_y,54.7741814252105,0.0005385800563010065
2021-02-23-19-04-50,acc_z,76.15124057725868,8.217626787400363e-05
2021-02-23-19-04-50,vel_x,67.97407539149327,6.515465341449972e-05
2021-02-23-19-04-50,vel_y,64.97669238191709,7.66941881854851e-05
2021-02-23-19-04-50,vel_z,77.65925523852982,9.019106052375738e-05
2021-02-23-19-04-50,pos_x,64.41635030997034,7.004564774111931e-06
2021-02-23-19-04-50,pos_y,64.89279846174071,6.3545841778429585e-06
2021-02-23-19-04-50,pos_z,74.99932704162087,6.172700189299007e-06
2021-02-23-19-04-50,mot_1,37.98972778751984,1.3648825119359937
2021-02-23-19-04-50,mot_2,39.4993302331079,1.2907374801595974
2021-02-23-19-04-50,mot_3,39.48075627489507,1.3811969970159772
2021-02-23-19-04-50,mot_4,37.844348673838205,1.1692248137485846
2021-02-23-19-04-50,dmot_1,15.731559294683956,229.3358788038706
2021-02-23-19-04-50,dmot_2,15.927373969640229,216.70698021133518
2021-02-23-19-04-50,dmot_3,15.18223091691244,235.87491865490102
2021-02-23-19-04-50,dmot_4,16.333541291605187,196.5891460266951
2021-02-23-19-04-50,vbat,63.33627947299264,0.00021475389150167528
2021-02-23-19-15-11,ang_acc_x,28.131838352874304,0.3622966826776739
2021-02-23-19-15-11,ang_acc_y,30.746166014055447,0.28616033291445253
2021-02-23-19-15-11,ang_acc_z,15.34374902230089,0.22033798405461877
2021-02-23-19-15-11,ang_vel_x,44.823435675092604,0.004474697498493106
2021-02-23-19-15-11,ang_vel_y,46.61308591549265,0.003661752893631017
2021-02-23-19-15-11,ang_vel_z,27.951449898857142,0.002922870204271671
2021-02-23-19-15-11,qx,76.03514139773345,2.755141024070301e-05
2021-02-23-19-15-11,qy,73.03112449490652,2.8737084906743633e-05
2021-02-23-19-15-11,qz,82.87121969029164,1.804653928111035e-05
2021-02-23-19-15-11,qw,90.48748234462468,1.2433569059485383e-05
2021-02-23-19-15-11,acc_x,59.014893321348936,0.000768959659567548
2021-02-23-19-15-11,acc_y,57.9629293649414,0.0006929919213105232
2021-02-23-19-15-11,acc_z,83.66724794891029,0.00010497651953237259
2021-02-23-19-15-11,vel_x,67.20346608770006,9.417615483857542e-05
2021-02-23-19-15-11,vel_y,68.19297886708647,9.241007614536835e-05
2021-02-23-19-15-11,vel_z,70.24916545660827,0.00012660129485362774
2021-02-23-19-15-11,pos_x,59.95857617406992,5.8672598889223154e-06
2021-02-23-19-15-11,pos_y,51.615795536920004,8.00770137504494e-06
2021-02-23-19-15-11,pos_z,52.9901967905851,5.9653972303667754e-06
2021-02-23-19-15-11,mot_1,37.73916984160898,1.7274145548838182
2021-02-23-19-15-11,mot_2,37.74151706508239,1.8529008034022698
2021-02-23-19-15-11,mot_3,37.11005434172187,1.9018644059275571
2021-02-23-19-15-11,mot_4,37.402405721515336,1.6397189952786357
2021-02-23-19-15-11,dmot_1,15.96171282828001,288.6377378140331
2021-02-23-19-15-11,dmot_2,16.074044599358146,307.6546387411249
2021-02-23-19-15-11,dmot_3,15.386279401384428,320.6889386382227
2021-02-23-19-15-11,dmot_4,16.314302747183405,271.2667563368192
2021-02-23-19-15-11,vbat,61.44376909012776,0.0003512336898666774
2021-02-23-19-26-38,ang_acc_x,19.843181897015675,0.2533112137573912
2021-02-23-19-26-38,ang_acc_y,22.510847918577465,0.18866085067682822
2021-02-23-19-26-38,ang_acc_z,11.947477657510511,0.20623447815685
2021-02-23-19-26-38,ang_vel_x,47.29540027386331,0.003227170623810897
2021-02-23-19-26-38,ang_vel_y,49.6224619750037,0.00255286026604163
2021-02-23-19-26-38,ang_vel_z,27.56569513755288,0.0027426422236822142
2021-02-23-19-26-38,qx,77.81649204954255,2.615757437026346e-05
2021-02-23-19-26-38,qy,73.5965537406638,3.1048117105689456e-05
2021-02-23-19-26-38,qz,70.36098794990563,1.9703018091403214e-05
2021-02-23-19-26-38,qw,88.69649341965994,5.690803082138296e-06
2021-02-23-19-26-38,acc_x,60.32396646520394,0.0008765457973349484
2021-02-23-19-26-38,acc_y,60.97143708297033,0.0007350842375161083
2021-02-23-19-26-38,acc_z,82.05442373142283,0.00010331707849620705
2021-02-23-19-26-38,vel_x,82.58164511596648,7.422916892756327e-05
2021-02-23-19-26-38,vel_y,82.12002513892911,7.512840152980924e-05
2021-02-23-19-26-38,vel_z,70.73056743237959,0.00012176695790842858
2021-02-23-19-26-38,pos_x,99.089183635179,8.76706226509223e-06
2021-02-23-19-26-38,pos_y,81.80872183481941,8.361927121232474e-06
2021-02-23-19-26-38,pos_z,88.11881401003062,7.859451473599766e-06
2021-02-23-19-26-38,mot_1,41.883768633809915,1.2571936098102248
2021-02-23-19-26-38,mot_2,42.39512225038205,1.2979947138615053
2021-02-23-19-26-38,mot_3,42.051761255478596,1.302104858145423
2021-02-23-19-26-38,mot_4,43.04258336561348,1.066276052554034
2021-02-23-19-26-38,dmot_1,7.443088614736528,215.1541174707318
2021-02-23-19-26-38,dmot_2,7.6661894922978995,216.96806581239483
2021-02-23-19-26-38,dmot_3,7.852287645367634,224.69804602387993
2021-02-23-19-26-38,dmot_4,8.136098297268436,181.22574982953267
2021-02-23-19-26-38,vbat,69.30811372768159,0.00012402179036834297
2021-02-23-19-33-29,ang_acc_x,19.769040939755413,0.2505175517736027
2021-02-23-19-33-29,ang_acc_y,21.09878617686977,0.1886251942237277
2021-02-23-19-33-29,ang_acc_z,12.182937254164736,0.20070025737011218
2021-02-23-19-33-29,ang_vel_x,47.466315931443035,0.003225381304214388
2021-02-23-19-33-29,ang_vel_y,48.43223991397838,0.002583835388132849
2021-02-23-19-33-29,ang_vel_z,27.805782181709,0.002633285691427253
2021-02-23-19-33-29,qx,78.8717089049728,2.626578285256987e-05
2021-02-23-19-33-29,qy,76.39070048539806,2.64689158759877e-05
2021-02-23-19-33-29,qz,81.10680634383269,1.9631281238674936e-05
2021-02-23-19-33-29,qw,85.55237225247849,8.228762705756365e-06
2021-02-23-19-33-29,acc_x,61.00879523142285,0.0008011108414519158
2021-02-23-19-33-29,acc_y,62.52278077503383,0.0007268854286877594
2021-02-23-19-33-29,acc_z,87.47695656570222,9.821320574641489e-05
2021-02-23-19-33-29,vel_x,82.02124152971093,6.75711779836686e-05
2021-02-23-19-33-29,vel_y,84.4238421541036,7.085959127308156e-05
2021-02-23-19-33-29,vel_z,70.32250604125585,0.0001113740222660905
2021-02-23-19-33-29,pos_x,90.9179160938627,8.149025342246062e-06
2021-02-23-19-33-29,pos_y,86.43882690271845,7.976764325741925e-06
2021-02-23-19-33-29,pos_z,92.51053372737718,7.25981388756427e-06
2021-02-23-19-33-29,mot_1,42.24446489540228,1.3087875355736787
2021-02-23-19-33-29,mot_2,42.50892893572386,1.4505699218995474
2021-02-23-19-33-29,mot_3,41.65855723909167,1.3889293057677472
2021-02-23-19-33-29,mot_4,43.404695418682465,1.011657126290739
2021-02-23-19-33-29,dmot_1,6.849788411376608,225.48633218346257
2021-02-23-19-33-29,dmot_2,7.337939108016499,247.02196478394617
2021-02-23-19-33-29,dmot_3,7.249294454116312,238.5235123259485
2021-02-23-19-33-29,dmot_4,7.969754662246743,174.78986902304553
2021-02-23-19-33-29,vbat,66.83239418603893,0.00014451213248169097
2021-02-23-19-45-06,ang_acc_x,19.031335632203067,0.3129932714355212
2021-02-23-19-45-06,ang_acc_y,20.998003485662238,0.21589948715045304
2021-02-23-19-45-06,ang_acc_z,10.623158633569078,0.23675927349752107
2021-02-23-19-45-06,ang_vel_x,47.1327573273177,0.0039368585516783685
2021-02-23-19-45-06,ang_vel_y,49.38335363685819,0.0029683187958811762
2021-02-23-19-45-06,ang_vel_z,27.332303568072764,0.0031523473922390154
2021-02-23-19-45-06,qx,74.84025998187785,2.6523380475822943e-05
2021-02-23-19-45-06,qy,77.71831823986511,2.6924992926671407e-05
2021-02-23-19-45-06,qz,77.43206716973731,1.9665751965058992e-05
2021-02-23-19-45-06,qw,90.49224005913632,8.289361074790079e-06
2021-02-23-19-45-06,acc_x,60.915447440456376,0.0009596079407984305
2021-02-23-19-45-06,acc_y,62.24507662199443,0.0008457133349056816
2021-02-23-19-45-06,acc_z,83.3943393320327,0.00011787017871005182
2021-02-23-19-45-06,vel_x,79.86299988198523,0.00011740420302476653
2021-02-23-19-45-06,vel_y,81.49719457117895,0.00010739650488270964
2021-02-23-19-45-06,vel_z,69.52080877043959,0.00021870258408331213
2021-02-23-19-45-06,pos_x,81.73779977950802,1.0311819517451769e-05
2021-02-23-19-45-06,pos_y,89.90653977443175,9.637032892830975e-06
2021-02-23-19-45-06,pos_z,97.338647559936,7.360544580923278e-06
2021-02-23-19-45-06,mot_1,41.39220711300595,1.711894896151837
2021-02-23-19-45-06,mot_2,41.718646866196124,1.6626204235709503
2021-02-23-19-45-06,mot_3,41.142390398597996,1.7336770163014177
2021-02-23-19-45-06,mot_4,42.338447667403294,1.372062818438868
2021-02-23-19-45-06,dmot_1,5.80991676751077,296.1533827201088
2021-02-23-19-45-06,dmot_2,6.9425079001928305,281.9418654542774
2021-02-23-19-45-06,dmot_3,6.233384578035858,300.278899660756
2021-02-23-19-45-06,dmot_4,6.3456089767574255,236.5130100741007
2021-02-23-19-45-06,vbat,68.32510455425543,0.00016618572295459442
2021-02-23-21-52-14,ang_acc_x,19.189144553046606,0.34885100570405286
2021-02-23-21-52-14,ang_acc_y,21.975695372088065,0.25579029104635664
2021-02-23-21-52-14,ang_acc_z,11.112798585657849,0.24223254741162845
2021-02-23-21-52-14,ang_vel_x,47.13225763213523,0.004393748422047926
2021-02-23-21-52-14,ang_vel_y,48.81814580645846,0.0035535492199994644
2021-02-23-21-52-14,ang_vel_z,27.572040038532478,0.0031766136360868013
2021-02-23-21-52-14,qx,75.89528843647437,2.8564545331138495e-05
2021-02-23-21-52-14,qy,78.40974484962406,3.053233811520749e-05
2021-02-23-21-52-14,qz,83.4972545794467,2.1829225661627673e-05
2021-02-23-21-52-14,qw,89.68684146541199,1.1224977449599847e-05
2021-02-23-21-52-14,acc_x,60.761037549299076,0.0012144884197247722
2021-02-23-21-52-14,acc_y,62.40096872329388,0.0010768166558756604
2021-02-23-21-52-14,acc_z,89.7668184615354,0.00016308909989880716
2021-02-23-21-52-14,vel_x,81.91271498206426,0.0001536025827065273
2021-02-23-21-52-14,vel_y,80.46177134591466,0.00015954029231465754
2021-02-23-21-52-14,vel_z,69.50297194884762,0.0003406673440440283
2021-02-23-21-52-14,pos_x,88.47469554702228,1.0924042884604023e-05
2021-02-23-21-52-14,pos_y,81.05213934601804,1.14474349262073e-05
2021-02-23-21-52-14,pos_z,96.60559036901772,8.93469555679367e-06
2021-02-23-21-52-14,mot_1,41.119962946068604,1.9890301178889056
2021-02-23-21-52-14,mot_2,40.89552597366711,1.958964377401475
2021-02-23-21-52-14,mot_3,40.046538026059736,2.144002136197997
2021-02-23-21-52-14,mot_4,41.939691848409126,1.6226569723908264
2021-02-23-21-52-14,dmot_1,6.296981040689811,344.5649211840163
2021-02-23-21-52-14,dmot_2,6.538079754483082,333.56717540224827
2021-02-23-21-52-14,dmot_3,6.332483490549963,366.54821308476807
2021-02-23-21-52-14,dmot_4,7.15513247052992,282.6170480490571
2021-02-23-21-52-14,vbat,75.3427644555789,0.00017583377062942417
2021-02-23-21-57-38,ang_acc_x,18.471432530727135,0.3140696915958741
2021-02-23-21-57-38,ang_acc_y,21.58885514145684,0.22437743983147632
2021-02-23-21-57-38,ang_acc_z,10.375854430766056,0.2318305195594284
2021-02-23-21-57-38,ang_vel_x,46.7230032054638,0.0039683927612158285
2021-02-23-21-57-38,ang_vel_y,48.67096882574379,0.0030876029086620567
2021-02-23-21-57-38,ang_vel_z,26.957519146848895,0.003033847824162473
2021-02-23-21-57-38,qx,77.08169868211135,2.772368980683497e-05
2021-02-23-21-57-38,qy,72.49998847719074,3.032628275376918e-05
2021-02-23-21-57-38,qz,83.18005136038401,2.1691551134773693e-05
2021-02-23-21-57-38,qw,90.40710484272347,8.27723727557179e-06
2021-02-23-21-57-38,acc_x,60.48820300485764,0.0010732609857481304
2021-02-23-21-57-38,acc_y,61.92144189890462,0.0009033996940713865
2021-02-23-21-57-38,acc_z,85.37655189871911,0.0001349416608818629
2021-02-23-21-57-38,vel_x,81.41663031086651,0.00012649753688618394
2021-02-23-21-57-38,vel_y,80.70438943764336,0.00012695978379551626
2021-02-23-21-57-38,vel_z,69.4329726638179,0.0002499896321001697
2021-02-23-21-57-38,pos_x,89.70257836759376,9.985138954276618e-06
2021-02-23-21-57-38,pos_y,82.59081545981878,9.761490156489394e-06
2021-02-23-21-57-38,pos_z,97.59323102686676,8.605655017237534e-06
2021-02-23-21-57-38,mot_1,41.70369393691756,1.6796218665831828
2021-02-23-21-57-38,mot_2,41.74889324966469,1.6862756091426563
2021-02-23-21-57-38,mot_3,40.728344046888836,1.8283515964237553
2021-02-23-21-57-38,mot_4,42.36958850480264,1.3313878152654604
2021-02-23-21-57-38,dmot_1,6.611513686842983,285.2730413134964
2021-02-23-21-57-38,dmot_2,6.8988340622226705,286.01874075968
2021-02-23-21-57-38,dmot_3,6.4942909340238675,316.18338766307176
2021-02-23-21-57-38,dmot_4,7.374685039791755,228.86626708339102
2021-02-23-21-57-38,vbat,72.72936508079839,0.00017763531747704063
2021-02-23-22-03-52,ang_acc_x,27.81584214777746,0.34646338498556384
2021-02-23-22-03-52,ang_acc_y,30.69218077132096,0.270648641661575
2021-02-23-22-03-52,ang_acc_z,15.5348904806038,0.20734702439666328
2021-02-23-22-03-52,ang_vel_x,44.659920390709686,0.004232451752820738
2021-02-23-22-03-52,ang_vel_y,46.388529891105776,0.0034947826072695126
2021-02-23-22-03-52,ang_vel_z,28.194350069918986,0.002712236943461274
2021-02-23-22-03-52,qx,74.7755999528877,2.9800610161890153e-05
2021-02-23-22-03-52,qy,72.58602532305042,3.087806867207121e-05
2021-02-23-22-03-52,qz,80.39220041655463,1.843438658914608e-05
2021-02-23-22-03-52,qw,88.16104708037044,1.1935031868075563e-05
2021-02-23-22-03-52,acc_x,58.986937369627306,0.0008138646597640578
2021-02-23-22-03-52,acc_y,57.39050687414241,0.0007271383754048183
2021-02-23-22-03-52,acc_z,82.95677016847911,0.00010319369130468487
2021-02-23-22-03-52,vel_x,68.03924237519738,9.239424424410458e-05
2021-02-23-22-03-52,vel_y,67.96531299139369,8.850714170402893e-05
2021-02-23-22-03-52,vel_z,70.1305811672235,0.00013140179177744036
2021-02-23-22-03-52,pos_x,60.15967971313461,5.708857266210109e-06
2021-02-23-22-03-52,pos_y,51.645782674261376,8.074865783611773e-06
2021-02-23-22-03-52,pos_z,53.60364978650202,6.577538779298297e-06
2021-02-23-22-03-52,mot_1,37.80662235271877,1.6780816861813554
2021-02-23-22-03-52,mot_2,37.488958592208405,1.764517425913007
2021-02-23-22-03-52,mot_3,36.83323720998873,1.851807121174818
2021-02-23-22-03-52,mot_4,36.92746645834084,1.566340557243442
2021-02-23-22-03-52,dmot_1,16.006287728926146,281.927137445237
2021-02-23-22-03-52,dmot_2,15.661382892371458,297.3190456869852
2021-02-23-22-03-52,dmot_3,15.094783461974702,312.35309869632005
2021-02-23-22-03-52,dmot_4,15.758971421802851,263.3259917218137
2021-02-23-22-03-52,vbat,62.3878139025049,0.0003210875184280951
2021-02-23-22-19-12,ang_acc_x,18.614492660320817,0.3245420881345652
2021-02-23-22-19-12,ang_acc_y,22.870025605946132,0.23861597004328863
2021-02-23-22-19-12,ang_acc_z,10.549922328011077,0.2337257033872414
2021-02-23-22-19-12,ang_vel_x,46.93336380505614,0.004151679759255297
2021-02-23-22-19-12,ang_vel_y,49.149658985103386,0.0032394446300074435
2021-02-23-22-19-12,ang_vel_z,26.72963558035315,0.0031612650427442317
2021-02-23-22-19-12,qx,76.85376038452688,2.8016228198876846e-05
2021-02-23-22-19-12,qy,72.97871694172854,3.0530959766125665e-05
2021-02-23-22-19-12,qz,82.99062688303181,2.1383579410747146e-05
2021-02-23-22-19-12,qw,90.28705543373678,8.167756157532793e-06
2021-02-23-22-19-12,acc_x,60.85161074105635,0.0010662470646557736
2021-02-23-22-19-12,acc_y,62.43095496283886,0.0009522651932409814
2021-02-23-22-19-12,acc_z,87.54520761303453,0.0001345479509110575
2021-02-23-22-19-12,vel_x,80.73764025599145,0.00012838175483627267
2021-02-23-22-19-12,vel_y,80.23148807713892,0.00012723806412031342
2021-02-23-22-19-12,vel_z,69.94987607046819,0.00024925729268518996
2021-02-23-22-19-12,pos_x,89.88316098972601,1.004586354651333e-05
2021-02-23-22-19-12,pos_y,81.22701128952522,1.0040353786175849e-05
2021-02-23-22-19-12,pos_z,87.5787499087765,8.611938160414478e-06
2021-02-23-22-19-12,mot_1,41.65771335977685,1.7012299271088984
2021-02-23-22-19-12,mot_2,41.607332993042306,1.7805655714817121
2021-02-23-22-19-12,mot_3,40.65792091274885,1.899709025980049
2021-02-23-22-19-12,mot_4,41.861579814514954,1.3585982717273888
2021-02-23-22-19-12,dmot_1,6.628450935486953,289.58926671939463
2021-02-23-22-19-12,dmot_2,6.74611443244646,302.06381667009475
2021-02-23-22-19-12,dmot_3,5.944978465662065,326.7671149461356
2021-02-23-22-19-12,dmot_4,7.105420471609733,232.4944689432829
2021-02-23-22-19-12,vbat,69.97290289752621,0.00014963779158400995
2021-02-23-22-26-25,ang_acc_x,28.216591428826554,0.27760443916381056
2021-02-23-22-26-25,ang_acc_y,30.808662952392822,0.1837112054440487
2021-02-23-22-26-25,ang_acc_z,13.958997491185677,0.17803592782006813
2021-02-23-22-26-25,ang_vel_x,46.27022508532831,0.0033671062369128287
2021-02-23-22-26-25,ang_vel_y,47.528478969116684,0.0024446438413904923
2021-02-23-22-26-25,ang_vel_z,27.135614655488443,0.0023653576217573286
2021-02-23-22-26-25,qx,73.56595277667958,2.9389929861287154e-05
2021-02-23-22-26-25,qy,67.17288549966825,3.244474051143605e-05
2021-02-23-22-26-25,qz,79.6878908601737,1.1106711542085818e-05
2021-02-23-22-26-25,qw,85.83234365264028,1.271688350471316e-05
2021-02-23-22-26-25,acc_x,56.90324966615648,0.0007180751578360648
2021-02-23-22-26-25,acc_y,58.06990541885688,0.0006636086980886623
2021-02-23-22-26-25,acc_z,75.39225873584226,8.759159586605384e-05
2021-02-23-22-26-25,vel_x,60.66359665109082,6.33185836038777e-05
2021-02-23-22-26-25,vel_y,67.16730241665873,6.362011910632532e-05
2021-02-23-22-26-25,vel_z,69.79312614058097,9.286172038423586e-05
2021-02-23-22-26-25,pos_x,60.307325332760726,6.305771566409835e-06
2021-02-23-22-26-25,pos_y,52.35637883959229,6.966158822671686e-06
2021-02-23-22-26-25,pos_z,58.49831012027481,6.718755365804618e-06
2021-02-23-22-26-25,mot_1,37.65262744791622,1.2740872536251542
2021-02-23-22-26-25,mot_2,37.96825234786175,1.2564147127402185
2021-02-23-22-26-25,mot_3,37.40922475612946,1.4111952696467578
2021-02-23-22-26-25,mot_4,36.669036132926884,1.1688636373716388
2021-02-23-22-26-25,dmot_1,15.866070614821918,213.0126342492615
2021-02-23-22-26-25,dmot_2,15.912092539093841,211.8124484771715
2021-02-23-22-26-25,dmot_3,15.35480237390101,241.90007989780423
2021-02-23-22-26-25,dmot_4,15.846256518895432,195.42554996873892
2021-02-23-22-26-25,vbat,57.70765688183257,0.00018308812957960186
2021-02-23-22-33-54,ang_acc_x,27.21981031997477,0.35478689735817587
2021-02-23-22-33-54,ang_acc_y,30.359215832442498,0.2269375241248351
2021-02-23-22-33-54,ang_acc_z,15.45750447570123,0.2255354947477965
2021-02-23-22-33-54,ang_vel_x,44.183524956984186,0.004303771153992268
2021-02-23-22-33-54,ang_vel_y,45.33838172305064,0.002981603563112616
2021-02-23-22-33-54,ang_vel_z,27.546222875464494,0.0029636893804918943
2021-02-23-22-33-54,qx,73.86732226394403,3.093729580412177e-05
2021-02-23-22-33-54,qy,73.03002377385964,2.841549443420946e-05
2021-02-23-22-33-54,qz,83.83436056182846,1.7859078243798427e-05
2021-02-23-22-33-54,qw,74.34222422032212,1.0103372592086756e-05
2021-02-23-22-33-54,acc_x,58.01136301816043,0.0007677704071757141
2021-02-23-22-33-54,acc_y,56.823704575571995,0.0006943540615960233
2021-02-23-22-33-54,acc_z,79.11544334815295,0.00010237536601243064
2021-02-23-22-33-54,vel_x,64.54276439117234,7.523365385182681e-05
2021-02-23-22-33-54,vel_y,70.11725337336286,7.499417241564085e-05
2021-02-23-22-33-54,vel_z,74.17431748701257,0.00010361711153344626
2021-02-23-22-33-54,pos_x,62.83257940577265,5.819517505924994e-06
2021-02-23-22-33-54,pos_y,59.80875260406843,7.4713549727362875e-06
2021-02-23-22-33-54,pos_z,63.97978573399377,6.742936558662027e-06
2021-02-23-22-33-54,mot_1,37.79673349139978,1.463692457470969
2021-02-23-22-33-54,mot_2,36.6917728086344,1.6763766671215463
2021-02-23-22-33-54,mot_3,36.782904880955776,1.763526090971287
2021-02-23-22-33-54,mot_4,37.279047570580936,1.3445612780724978
2021-02-23-22-33-54,dmot_1,15.562056093972828,248.91908296801287
2021-02-23-22-33-54,dmot_2,15.517992291962548,280.5036945102961
2021-02-23-22-33-54,dmot_3,15.34145963759869,300.8930332484573
2021-02-23-22-33-54,dmot_4,15.805102595727853,224.52330907467714
2021-02-23-22-33-54,vbat,62.02976225404403,0.0002972928523722089
2021-02-23-22-41-46,ang_acc_x,18.467778081049705,0.32734193668949485
2021-02-23-22-41-46,ang_acc_y,19.097578200932126,0.24742075951789966
2021-02-23-22-41-46,ang_acc_z,10.227132998318218,0.24223156957423983
2021-02-23-22-41-46,ang_vel_x,46.9250474319574,0.004130103624080171
2021-02-23-22-41-46,ang_vel_y,47.84956134823655,0.0033497999226024806
2021-02-23-22-41-46,ang_vel_z,26.199530631169242,0.0031505499510161195
2021-02-23-22-41-46,qx,76.28085283409102,3.067361712291805e-05
2021-02-23-22-41-46,qy,77.98352601782955,3.063566413170044e-05
2021-02-23-22-41-46,qz,76.65291573313006,2.1567630853577512e-05
2021-02-23-22-41-46,qw,89.77421612868957,9.956658459056896e-06
2021-02-23-22-41-46,acc_x,60.51104232582407,0.001155795882669523
2021-02-23-22-41-46,acc_y,62.032662850997454,0.0010225123092564108
2021-02-23-22-41-46,acc_z,84.63919262242399,0.00015050069094015955
2021-02-23-22-41-46,vel_x,81.03102832342739,0.00014024720030507507
2021-02-23-22-41-46,vel_y,79.76457357665952,0.00013081957431401777
2021-02-23-22-41-46,vel_z,69.47490608929637,0.0002949557840179869
2021-02-23-22-41-46,pos_x,82.08241344728087,1.0774650479047264e-05
2021-02-23-22-41-46,pos_y,91.2411066079201,1.0934283671465704e-05
2021-02-23-22-41-46,pos_z,96.16406914791389,8.914305518879572e-06
2021-02-23-22-41-46,mot_1,41.70687676642325,1.6937298689728026
2021-02-23-22-41-46,mot_2,41.22519041305016,1.8171544568072326
2021-02-23-22-41-46,mot_3,40.47271782231749,1.8915637269237686
2021-02-23-22-41-46,mot_4,42.17381918069539,1.4212433776352296
2021-02-23-22-41-46,dmot_1,6.385591290102118,288.6471902276097
2021-02-23-22-41-46,dmot_2,6.354603779916191,307.58005253620087
2021-02-23-22-41-46,dmot_3,5.696063984274656,327.5166852962164
2021-02-23-22-41-46,dmot_4,6.782122712599249,241.44786802239076
2021-02-23-22-41-46,vbat,72.61461820301221,0.00016402661936189131
2021-02-23-22-54-17,ang_acc_x,15.213694585902848,0.4665996334585204
2021-02-23-22-54-17,ang_acc_y,18.350472862805624,0.3051826330064406
2021-02-23-22-54-17,ang_acc_z,8.98517446625031,0.3107151135708466
2021-02-23-22-54-17,ang_vel_x,44.029541951085456,0.00600076389812185
2021-02-23-22-54-17,ang_vel_y,45.83394292541632,0.004285611551407677
2021-02-23-22-54-17,ang_vel_z,24.372652017854417,0.004056227604638073
2021-02-23-22-54-17,qx,80.93330557565861,2.7433778985979383e-05
2021-02-23-22-54-17,qy,80.47536625727906,2.8619021254405837e-05
2021-02-23-22-54-17,qz,87.81213702731984,1.8432729490559182e-05
2021-02-23-22-54-17,qw,89.09021210336789,1.6720767776407273e-05
2021-02-23-22-54-17,acc_x,63.289248463989615,0.0013829807372399113
2021-02-23-22-54-17,acc_y,66.11188533420643,0.0011136754127125468
2021-02-23-22-54-17,acc_z,88.99789257574338,0.00020569441402155632
2021-02-23-22-54-17,vel_x,84.3809091446594,0.00021032713575223818
2021-02-23-22-54-17,vel_y,85.17550098354631,0.00018471133987557506
2021-02-23-22-54-17,vel_z,69.89159774698787,0.00041320825956784105
2021-02-23-22-54-17,pos_x,106.2509723354289,1.4605719566023723e-05
2021-02-23-22-54-17,pos_y,104.8424982562614,1.1815683750040068e-05
2021-02-23-22-54-17,pos_z,92.88558981468188,6.705681752756209e-06
2021-02-23-22-54-17,mot_1,41.218612699244694,2.3328266657487737
2021-02-23-22-54-17,mot_2,41.2674111751494,2.506640598792177
2021-02-23-22-54-17,mot_3,40.33894897794632,2.5557898774442376
2021-02-23-22-54-17,mot_4,42.07444362266196,2.020993012903008
2021-02-23-22-54-17,dmot_1,5.461774203431851,401.1378846062913
2021-02-23-22-54-17,dmot_2,5.528221055388193,427.9059521909512
2021-02-23-22-54-17,dmot_3,5.190300808166776,439.5801286915856
2021-02-23-22-54-17,dmot_4,5.7517449752485215,339.87541847685065
2021-02-23-22-54-17,vbat,79.0177968803006,0.0002442662424255843
